/*
 Navicat Premium Data Transfer

 Source Server         : localhost_3306
 Source Server Type    : MySQL
 Source Server Version : 80023
 Source Host           : localhost:3306
 Source Schema         : designbuild

 Target Server Type    : MySQL
 Target Server Version : 80023
 File Encoding         : 65001

 Date: 05/07/2021 13:07:33
*/

SET NAMES utf8mb4;
SET FOREIGN_KEY_CHECKS = 0;

-- ----------------------------
-- Table structure for administrator
-- ----------------------------
DROP TABLE IF EXISTS `administrator`;
CREATE TABLE `administrator`  (
  `adminid` int NOT NULL,
  `adminname` varchar(255) CHARACTER SET utf8mb4 COLLATE utf8mb4_0900_ai_ci NOT NULL,
  `password` varchar(255) CHARACTER SET utf8mb4 COLLATE utf8mb4_0900_ai_ci NOT NULL,
  PRIMARY KEY (`adminid`) USING BTREE
) ENGINE = InnoDB CHARACTER SET = utf8mb4 COLLATE = utf8mb4_0900_ai_ci ROW_FORMAT = Dynamic;

-- ----------------------------
-- Records of administrator
-- ----------------------------
INSERT INTO `administrator` VALUES (1, 'admin', 'admin');
INSERT INTO `administrator` VALUES (2, 'Davis', '244545083');

-- ----------------------------
-- Table structure for category
-- ----------------------------
DROP TABLE IF EXISTS `category`;
CREATE TABLE `category`  (
  `categoryid` int NOT NULL,
  `categoryname` varchar(255) CHARACTER SET utf8mb4 COLLATE utf8mb4_0900_ai_ci NOT NULL,
  PRIMARY KEY (`categoryid`) USING BTREE
) ENGINE = InnoDB CHARACTER SET = utf8mb4 COLLATE = utf8mb4_0900_ai_ci ROW_FORMAT = Dynamic;

-- ----------------------------
-- Records of category
-- ----------------------------
INSERT INTO `category` VALUES (1, 'Humidity Sensor');
INSERT INTO `category` VALUES (2, 'Temperature Sensor');
INSERT INTO `category` VALUES (3, 'Door/ Window Sensor');

-- ----------------------------
-- Table structure for company
-- ----------------------------
DROP TABLE IF EXISTS `company`;
CREATE TABLE `company`  (
  `companyid` int NOT NULL,
  `companyname` varchar(255) CHARACTER SET utf8mb4 COLLATE utf8mb4_0900_ai_ci NOT NULL,
  `password` varchar(255) CHARACTER SET utf8mb4 COLLATE utf8mb4_0900_ai_ci NOT NULL,
  PRIMARY KEY (`companyid`) USING BTREE
) ENGINE = InnoDB CHARACTER SET = utf8mb4 COLLATE = utf8mb4_0900_ai_ci ROW_FORMAT = Dynamic;

-- ----------------------------
-- Records of company
-- ----------------------------
INSERT INTO `company` VALUES (1, 'Mi Institute', '195216361');
INSERT INTO `company` VALUES (2, 'Elit Elit Fermentum Ltd', '972728752');
INSERT INTO `company` VALUES (3, 'Est Ac Company', '170139208');
INSERT INTO `company` VALUES (4, 'Ullamcorper Eu Euismod Corp.', '154394019');
INSERT INTO `company` VALUES (5, 'Dui Incorporated', '944498906');
INSERT INTO `company` VALUES (6, 'company', 'company');

-- ----------------------------
-- Table structure for data
-- ----------------------------
DROP TABLE IF EXISTS `data`;
CREATE TABLE `data`  (
  `dataid` int NOT NULL AUTO_INCREMENT,
  `dataname` varchar(255) CHARACTER SET utf8mb4 COLLATE utf8mb4_0900_ai_ci NOT NULL,
  `value` varchar(255) CHARACTER SET utf8mb4 COLLATE utf8mb4_0900_ai_ci NOT NULL,
  `time` datetime NULL DEFAULT NULL,
  `deviceid` int NOT NULL,
  PRIMARY KEY (`dataid`) USING BTREE,
  INDEX `fk_data_device_1`(`deviceid`) USING BTREE,
  CONSTRAINT `fk_data_device_1` FOREIGN KEY (`deviceid`) REFERENCES `device` (`deviceid`) ON DELETE RESTRICT ON UPDATE RESTRICT
) ENGINE = InnoDB CHARACTER SET = utf8mb4 COLLATE = utf8mb4_0900_ai_ci ROW_FORMAT = Dynamic;

-- ----------------------------
-- Records of data
-- ----------------------------
INSERT INTO `data` VALUES (1, 'humidity', '53.8', '2021-06-25 04:54:25', 3);
INSERT INTO `data` VALUES (2, 'humidity', '45.3', '2021-06-08 07:18:16', 8);
INSERT INTO `data` VALUES (3, 'humidity', '43.5', '2020-12-30 03:04:57', 27);
INSERT INTO `data` VALUES (4, 'humidity', '53.5', '2021-03-30 05:21:58', 14);
INSERT INTO `data` VALUES (5, 'humidity', '52', '2021-01-03 18:33:15', 21);
INSERT INTO `data` VALUES (6, 'humidity', '46.6', '2021-01-12 23:33:41', 32);
INSERT INTO `data` VALUES (7, 'humidity', '60.9', '2021-04-21 13:32:35', 3);
INSERT INTO `data` VALUES (8, 'humidity', '62', '2021-05-25 13:36:46', 8);
INSERT INTO `data` VALUES (9, 'humidity', '46.3', '2020-09-28 14:54:47', 5);
INSERT INTO `data` VALUES (10, 'humidity', '56.5', '2020-12-03 09:03:14', 17);
INSERT INTO `data` VALUES (11, 'humidity', '52.4', '2020-05-18 03:55:46', 1);
INSERT INTO `data` VALUES (12, 'humidity', '50.9', '2021-05-10 13:54:00', 7);
INSERT INTO `data` VALUES (13, 'humidity', '49.1', '2021-06-28 03:22:59', 25);
INSERT INTO `data` VALUES (14, 'humidity', '52.9', '2021-04-22 11:10:51', 6);
INSERT INTO `data` VALUES (15, 'humidity', '50', '2020-12-22 16:13:00', 20);
INSERT INTO `data` VALUES (16, 'humidity', '55.9', '2020-05-26 11:10:28', 9);
INSERT INTO `data` VALUES (17, 'humidity', '63.9', '2020-05-13 02:56:14', 24);
INSERT INTO `data` VALUES (18, 'humidity', '40.7', '2020-06-12 03:02:07', 30);
INSERT INTO `data` VALUES (19, 'humidity', '46.3', '2021-01-05 21:38:45', 25);
INSERT INTO `data` VALUES (20, 'humidity', '52.3', '2020-10-10 19:32:08', 27);
INSERT INTO `data` VALUES (21, 'humidity', '60.5', '2020-10-19 08:16:51', 30);
INSERT INTO `data` VALUES (22, 'humidity', '43.2', '2020-07-03 05:36:36', 32);
INSERT INTO `data` VALUES (23, 'humidity', '55.9', '2021-01-07 15:37:13', 3);
INSERT INTO `data` VALUES (24, 'humidity', '60.1', '2020-08-29 14:32:43', 4);
INSERT INTO `data` VALUES (25, 'humidity', '52.1', '2020-10-29 03:09:59', 15);
INSERT INTO `data` VALUES (26, 'humidity', '58.7', '2020-09-08 20:56:26', 32);
INSERT INTO `data` VALUES (27, 'humidity', '35.7', '2020-09-16 11:50:56', 16);
INSERT INTO `data` VALUES (28, 'humidity', '45.8', '2020-08-05 06:51:54', 30);
INSERT INTO `data` VALUES (29, 'humidity', '42.7', '2021-02-21 18:24:07', 14);
INSERT INTO `data` VALUES (30, 'humidity', '52.6', '2021-03-23 16:55:29', 18);
INSERT INTO `data` VALUES (31, 'humidity', '48.1', '2020-09-26 03:11:15', 6);
INSERT INTO `data` VALUES (32, 'humidity', '52.3', '2021-04-30 13:14:36', 1);
INSERT INTO `data` VALUES (33, 'humidity', '41.2', '2021-04-07 01:14:00', 28);
INSERT INTO `data` VALUES (34, 'humidity', '61.1', '2020-06-19 03:08:51', 5);
INSERT INTO `data` VALUES (35, 'humidity', '58.4', '2020-07-07 23:44:43', 24);
INSERT INTO `data` VALUES (36, 'humidity', '48.9', '2021-03-13 10:13:26', 8);
INSERT INTO `data` VALUES (37, 'humidity', '52.7', '2020-11-03 20:08:39', 15);
INSERT INTO `data` VALUES (38, 'humidity', '36.7', '2020-07-19 13:14:13', 31);
INSERT INTO `data` VALUES (39, 'humidity', '51.1', '2020-06-18 03:33:25', 15);
INSERT INTO `data` VALUES (40, 'humidity', '44.5', '2020-10-24 09:09:59', 7);
INSERT INTO `data` VALUES (41, 'humidity', '38.9', '2020-06-22 07:57:22', 2);
INSERT INTO `data` VALUES (42, 'humidity', '46.5', '2020-09-27 05:58:43', 26);
INSERT INTO `data` VALUES (43, 'humidity', '49.2', '2020-08-23 06:39:26', 16);
INSERT INTO `data` VALUES (44, 'humidity', '60.7', '2021-04-18 22:39:50', 7);
INSERT INTO `data` VALUES (45, 'humidity', '45.3', '2021-04-03 16:04:27', 27);
INSERT INTO `data` VALUES (46, 'humidity', '51.8', '2020-08-12 20:33:54', 2);
INSERT INTO `data` VALUES (47, 'humidity', '49.1', '2020-09-04 23:50:39', 32);
INSERT INTO `data` VALUES (48, 'humidity', '36.9', '2020-11-25 21:51:05', 25);
INSERT INTO `data` VALUES (49, 'humidity', '58.8', '2021-03-24 07:43:32', 4);
INSERT INTO `data` VALUES (50, 'humidity', '49.7', '2021-02-13 02:53:42', 17);
INSERT INTO `data` VALUES (51, 'humidity', '48.3', '2021-01-21 09:31:28', 6);
INSERT INTO `data` VALUES (52, 'humidity', '48.9', '2021-05-03 16:27:51', 16);
INSERT INTO `data` VALUES (53, 'humidity', '57.6', '2020-11-26 17:44:26', 25);
INSERT INTO `data` VALUES (54, 'humidity', '50.3', '2021-01-28 21:45:29', 14);
INSERT INTO `data` VALUES (55, 'humidity', '55.4', '2021-05-10 05:35:01', 6);
INSERT INTO `data` VALUES (56, 'humidity', '45.4', '2021-03-14 05:51:55', 19);
INSERT INTO `data` VALUES (57, 'humidity', '48.7', '2020-09-23 06:38:26', 24);
INSERT INTO `data` VALUES (58, 'humidity', '55.1', '2020-12-22 05:18:10', 10);
INSERT INTO `data` VALUES (59, 'humidity', '58.5', '2021-02-06 04:45:23', 10);
INSERT INTO `data` VALUES (60, 'humidity', '52.6', '2021-05-11 02:33:44', 12);
INSERT INTO `data` VALUES (61, 'humidity', '47.4', '2020-12-01 12:48:10', 20);
INSERT INTO `data` VALUES (62, 'humidity', '62.8', '2021-01-06 04:08:20', 28);
INSERT INTO `data` VALUES (63, 'humidity', '46.7', '2021-05-14 18:09:06', 15);
INSERT INTO `data` VALUES (64, 'humidity', '60.1', '2020-06-24 19:03:14', 21);
INSERT INTO `data` VALUES (65, 'humidity', '50.8', '2021-04-07 02:04:06', 6);
INSERT INTO `data` VALUES (66, 'humidity', '60.7', '2020-09-26 06:25:03', 18);
INSERT INTO `data` VALUES (67, 'humidity', '54.6', '2021-02-05 15:44:02', 4);
INSERT INTO `data` VALUES (68, 'humidity', '46.6', '2020-10-21 02:05:50', 27);
INSERT INTO `data` VALUES (69, 'humidity', '59.9', '2020-09-29 09:55:51', 18);
INSERT INTO `data` VALUES (70, 'humidity', '46.7', '2020-11-09 03:05:28', 14);
INSERT INTO `data` VALUES (71, 'humidity', '47.5', '2021-01-11 14:23:37', 11);
INSERT INTO `data` VALUES (72, 'humidity', '58.5', '2021-04-12 07:39:34', 6);
INSERT INTO `data` VALUES (73, 'humidity', '49.8', '2020-05-14 06:14:54', 18);
INSERT INTO `data` VALUES (74, 'humidity', '48.6', '2020-06-09 15:22:25', 8);
INSERT INTO `data` VALUES (75, 'humidity', '56.8', '2021-03-13 00:18:48', 8);
INSERT INTO `data` VALUES (76, 'humidity', '47.2', '2020-12-18 10:55:33', 17);
INSERT INTO `data` VALUES (77, 'humidity', '54.7', '2020-11-09 08:44:26', 21);
INSERT INTO `data` VALUES (78, 'humidity', '46.9', '2021-06-29 23:14:40', 21);
INSERT INTO `data` VALUES (79, 'humidity', '49.1', '2020-09-20 23:18:18', 15);
INSERT INTO `data` VALUES (80, 'humidity', '59.2', '2020-07-02 06:06:06', 22);
INSERT INTO `data` VALUES (81, 'humidity', '46.4', '2020-06-11 16:29:33', 21);
INSERT INTO `data` VALUES (82, 'humidity', '60.5', '2020-07-11 13:54:09', 10);
INSERT INTO `data` VALUES (83, 'humidity', '41.5', '2021-03-24 09:40:20', 33);
INSERT INTO `data` VALUES (84, 'humidity', '63.6', '2021-01-02 22:08:46', 3);
INSERT INTO `data` VALUES (85, 'humidity', '46.6', '2020-10-18 15:13:05', 27);
INSERT INTO `data` VALUES (86, 'humidity', '39.7', '2021-06-06 09:13:06', 18);
INSERT INTO `data` VALUES (87, 'humidity', '59.7', '2020-06-30 19:48:08', 31);
INSERT INTO `data` VALUES (88, 'humidity', '49', '2020-11-11 07:54:07', 20);
INSERT INTO `data` VALUES (89, 'humidity', '47.1', '2021-07-01 11:07:53', 2);
INSERT INTO `data` VALUES (90, 'humidity', '43.2', '2021-04-08 03:38:13', 27);
INSERT INTO `data` VALUES (91, 'humidity', '43.7', '2020-08-09 06:55:47', 24);
INSERT INTO `data` VALUES (92, 'humidity', '38.1', '2021-06-22 17:18:16', 18);
INSERT INTO `data` VALUES (93, 'humidity', '41.4', '2021-06-29 07:16:55', 27);
INSERT INTO `data` VALUES (94, 'humidity', '45.6', '2020-09-16 23:23:02', 25);
INSERT INTO `data` VALUES (95, 'humidity', '49', '2020-06-30 13:07:10', 22);
INSERT INTO `data` VALUES (96, 'humidity', '51.4', '2020-11-27 02:21:51', 20);
INSERT INTO `data` VALUES (97, 'humidity', '59.3', '2021-04-28 18:55:15', 3);
INSERT INTO `data` VALUES (98, 'humidity', '37.5', '2021-03-12 04:50:54', 25);
INSERT INTO `data` VALUES (99, 'humidity', '33.1', '2021-03-11 16:26:53', 32);
INSERT INTO `data` VALUES (100, 'humidity', '36', '2020-11-23 17:29:49', 29);
INSERT INTO `data` VALUES (101, 'humidity', '54.6', '2021-01-25 00:12:55', 9);
INSERT INTO `data` VALUES (102, 'humidity', '65.9', '2021-03-01 08:14:56', 16);
INSERT INTO `data` VALUES (103, 'humidity', '58.1', '2021-04-24 19:20:11', 24);
INSERT INTO `data` VALUES (104, 'humidity', '44.6', '2020-10-18 06:19:32', 1);
INSERT INTO `data` VALUES (105, 'humidity', '55.9', '2020-06-09 23:32:59', 30);
INSERT INTO `data` VALUES (106, 'humidity', '57.6', '2020-11-03 17:12:04', 32);
INSERT INTO `data` VALUES (107, 'humidity', '52.7', '2020-05-04 02:15:20', 6);
INSERT INTO `data` VALUES (108, 'humidity', '55.6', '2020-07-13 05:25:31', 22);
INSERT INTO `data` VALUES (109, 'humidity', '55', '2020-09-26 02:16:17', 17);
INSERT INTO `data` VALUES (110, 'humidity', '38.3', '2020-05-25 20:20:35', 22);
INSERT INTO `data` VALUES (111, 'humidity', '46.9', '2021-01-18 01:51:17', 9);
INSERT INTO `data` VALUES (112, 'humidity', '52.4', '2020-12-19 19:45:30', 6);
INSERT INTO `data` VALUES (113, 'humidity', '54.9', '2020-11-29 04:34:54', 17);
INSERT INTO `data` VALUES (114, 'humidity', '59.2', '2021-02-04 18:37:28', 20);
INSERT INTO `data` VALUES (115, 'humidity', '52', '2021-01-22 08:15:48', 3);
INSERT INTO `data` VALUES (116, 'humidity', '60.7', '2020-07-15 13:39:36', 1);
INSERT INTO `data` VALUES (117, 'humidity', '52', '2021-06-10 17:31:15', 14);
INSERT INTO `data` VALUES (118, 'humidity', '54.9', '2020-11-02 11:53:45', 27);
INSERT INTO `data` VALUES (119, 'humidity', '49.3', '2021-04-22 11:42:00', 28);
INSERT INTO `data` VALUES (120, 'humidity', '47.5', '2020-08-19 21:03:16', 12);
INSERT INTO `data` VALUES (121, 'humidity', '44', '2021-03-22 03:10:15', 21);
INSERT INTO `data` VALUES (122, 'humidity', '40.4', '2020-08-15 14:19:30', 25);
INSERT INTO `data` VALUES (123, 'humidity', '38.2', '2021-05-08 01:01:26', 22);
INSERT INTO `data` VALUES (124, 'humidity', '50', '2020-05-25 11:07:46', 22);
INSERT INTO `data` VALUES (125, 'humidity', '46.6', '2021-04-30 22:16:29', 28);
INSERT INTO `data` VALUES (126, 'humidity', '47.4', '2020-10-31 23:23:03', 32);
INSERT INTO `data` VALUES (127, 'humidity', '54.1', '2020-06-20 06:35:30', 33);
INSERT INTO `data` VALUES (128, 'humidity', '44.8', '2020-08-17 11:07:56', 3);
INSERT INTO `data` VALUES (129, 'humidity', '62', '2020-09-22 03:45:09', 18);
INSERT INTO `data` VALUES (130, 'humidity', '52.3', '2020-09-17 07:21:35', 27);
INSERT INTO `data` VALUES (131, 'humidity', '39.9', '2020-06-17 11:24:46', 29);
INSERT INTO `data` VALUES (132, 'humidity', '53.5', '2020-06-22 00:24:17', 13);
INSERT INTO `data` VALUES (133, 'humidity', '44.5', '2020-08-28 05:16:40', 27);
INSERT INTO `data` VALUES (134, 'humidity', '55.4', '2021-03-25 04:04:34', 29);
INSERT INTO `data` VALUES (135, 'humidity', '58.7', '2020-09-06 20:55:28', 20);
INSERT INTO `data` VALUES (136, 'humidity', '56', '2020-10-25 03:14:55', 33);
INSERT INTO `data` VALUES (137, 'humidity', '54.9', '2021-05-18 17:41:23', 17);
INSERT INTO `data` VALUES (138, 'humidity', '54.3', '2021-02-11 16:09:52', 20);
INSERT INTO `data` VALUES (139, 'humidity', '55.9', '2020-12-20 04:52:16', 9);
INSERT INTO `data` VALUES (140, 'humidity', '41.1', '2021-01-25 03:48:24', 4);
INSERT INTO `data` VALUES (141, 'humidity', '41.8', '2020-07-14 13:15:49', 25);
INSERT INTO `data` VALUES (142, 'humidity', '49.2', '2020-06-13 04:06:32', 29);
INSERT INTO `data` VALUES (143, 'humidity', '56.6', '2020-11-01 13:21:12', 15);
INSERT INTO `data` VALUES (144, 'humidity', '62.5', '2021-05-26 08:24:40', 9);
INSERT INTO `data` VALUES (145, 'humidity', '46', '2021-01-30 18:54:21', 30);
INSERT INTO `data` VALUES (146, 'humidity', '52.2', '2020-10-10 07:05:11', 19);
INSERT INTO `data` VALUES (147, 'humidity', '58.2', '2020-09-20 03:17:34', 6);
INSERT INTO `data` VALUES (148, 'humidity', '47.2', '2021-04-30 07:05:52', 13);
INSERT INTO `data` VALUES (149, 'humidity', '38.7', '2020-06-03 13:09:19', 31);
INSERT INTO `data` VALUES (150, 'humidity', '50.6', '2021-07-01 01:07:34', 29);
INSERT INTO `data` VALUES (151, 'humidity', '44.4', '2021-06-04 04:55:09', 16);
INSERT INTO `data` VALUES (152, 'humidity', '53.6', '2021-04-13 15:21:21', 12);
INSERT INTO `data` VALUES (153, 'humidity', '46.3', '2021-05-01 10:50:14', 12);
INSERT INTO `data` VALUES (154, 'humidity', '48.3', '2021-07-03 20:30:30', 4);
INSERT INTO `data` VALUES (155, 'humidity', '50.8', '2021-01-23 22:30:10', 31);
INSERT INTO `data` VALUES (156, 'humidity', '45.8', '2021-05-09 23:20:26', 32);
INSERT INTO `data` VALUES (157, 'humidity', '47.4', '2020-12-26 11:41:25', 18);
INSERT INTO `data` VALUES (158, 'humidity', '39', '2020-12-20 07:38:35', 9);
INSERT INTO `data` VALUES (159, 'humidity', '67.3', '2021-05-03 21:31:05', 8);
INSERT INTO `data` VALUES (160, 'humidity', '33', '2020-10-08 15:18:30', 18);
INSERT INTO `data` VALUES (161, 'humidity', '47', '2021-01-16 08:10:50', 3);
INSERT INTO `data` VALUES (162, 'humidity', '54.3', '2020-11-22 23:01:33', 22);
INSERT INTO `data` VALUES (163, 'humidity', '43.5', '2020-05-30 17:19:21', 15);
INSERT INTO `data` VALUES (164, 'humidity', '50.5', '2021-05-07 03:12:55', 19);
INSERT INTO `data` VALUES (165, 'humidity', '51.6', '2020-09-23 07:06:05', 2);
INSERT INTO `data` VALUES (166, 'humidity', '55.3', '2020-12-11 18:22:03', 19);
INSERT INTO `data` VALUES (167, 'humidity', '48', '2021-06-23 18:51:19', 5);
INSERT INTO `data` VALUES (168, 'humidity', '48.1', '2020-11-15 06:12:27', 7);
INSERT INTO `data` VALUES (169, 'humidity', '53.2', '2021-06-01 03:18:52', 1);
INSERT INTO `data` VALUES (170, 'humidity', '55.7', '2020-08-31 14:53:19', 20);
INSERT INTO `data` VALUES (171, 'humidity', '51.3', '2020-05-17 09:55:13', 11);
INSERT INTO `data` VALUES (172, 'humidity', '52.3', '2020-08-26 12:48:22', 9);
INSERT INTO `data` VALUES (173, 'humidity', '36.4', '2021-02-22 15:18:51', 24);
INSERT INTO `data` VALUES (174, 'humidity', '56.7', '2020-09-06 23:38:37', 14);
INSERT INTO `data` VALUES (175, 'humidity', '48.4', '2021-05-29 18:21:47', 26);
INSERT INTO `data` VALUES (176, 'humidity', '55.1', '2021-04-06 07:39:00', 13);
INSERT INTO `data` VALUES (177, 'humidity', '50.2', '2020-12-11 13:19:46', 17);
INSERT INTO `data` VALUES (178, 'humidity', '40', '2021-04-24 21:17:28', 6);
INSERT INTO `data` VALUES (179, 'humidity', '46.8', '2021-04-21 15:23:55', 22);
INSERT INTO `data` VALUES (180, 'humidity', '48.8', '2021-01-11 07:50:42', 32);
INSERT INTO `data` VALUES (181, 'humidity', '43.1', '2020-10-21 16:49:35', 28);
INSERT INTO `data` VALUES (182, 'humidity', '55.9', '2021-04-12 17:08:23', 19);
INSERT INTO `data` VALUES (183, 'humidity', '58', '2021-05-04 23:06:26', 22);
INSERT INTO `data` VALUES (184, 'humidity', '53.4', '2021-06-04 22:48:19', 33);
INSERT INTO `data` VALUES (185, 'humidity', '37.8', '2020-11-14 22:40:47', 14);
INSERT INTO `data` VALUES (186, 'humidity', '36.8', '2021-03-23 01:38:49', 5);
INSERT INTO `data` VALUES (187, 'humidity', '44.9', '2021-01-12 14:02:01', 28);
INSERT INTO `data` VALUES (188, 'humidity', '47.5', '2020-08-03 06:10:28', 14);
INSERT INTO `data` VALUES (189, 'humidity', '42.2', '2021-05-05 11:06:06', 27);
INSERT INTO `data` VALUES (190, 'humidity', '42.6', '2020-07-29 09:35:18', 15);
INSERT INTO `data` VALUES (191, 'humidity', '49.4', '2020-12-04 07:11:20', 27);
INSERT INTO `data` VALUES (192, 'humidity', '39.6', '2021-02-23 20:11:47', 17);
INSERT INTO `data` VALUES (193, 'humidity', '48.3', '2020-07-26 19:56:46', 15);
INSERT INTO `data` VALUES (194, 'humidity', '49.9', '2021-06-22 00:38:05', 22);
INSERT INTO `data` VALUES (195, 'humidity', '43', '2021-03-09 08:33:59', 16);
INSERT INTO `data` VALUES (196, 'humidity', '43.1', '2020-12-03 17:23:26', 20);
INSERT INTO `data` VALUES (197, 'humidity', '52', '2020-09-29 05:00:32', 28);
INSERT INTO `data` VALUES (198, 'humidity', '58.5', '2020-11-02 22:45:02', 13);
INSERT INTO `data` VALUES (199, 'humidity', '42', '2020-06-11 18:18:06', 11);
INSERT INTO `data` VALUES (200, 'humidity', '42.9', '2020-09-11 15:45:22', 21);
INSERT INTO `data` VALUES (201, 'humidity', '51.2', '2020-06-16 06:22:57', 11);
INSERT INTO `data` VALUES (202, 'humidity', '51.4', '2020-07-07 19:59:45', 6);
INSERT INTO `data` VALUES (203, 'humidity', '54.1', '2021-05-27 12:56:58', 10);
INSERT INTO `data` VALUES (204, 'humidity', '52.1', '2021-04-25 00:30:42', 10);
INSERT INTO `data` VALUES (205, 'humidity', '50.7', '2021-03-30 20:35:11', 29);
INSERT INTO `data` VALUES (206, 'humidity', '46', '2021-07-03 11:56:23', 25);
INSERT INTO `data` VALUES (207, 'humidity', '33.2', '2021-02-02 05:01:20', 5);
INSERT INTO `data` VALUES (208, 'humidity', '50.7', '2021-05-20 01:00:46', 17);
INSERT INTO `data` VALUES (209, 'humidity', '45.1', '2021-06-04 06:05:41', 10);
INSERT INTO `data` VALUES (210, 'humidity', '48', '2020-10-13 18:08:51', 3);
INSERT INTO `data` VALUES (211, 'humidity', '55.5', '2020-11-09 04:50:14', 10);
INSERT INTO `data` VALUES (212, 'humidity', '47', '2020-05-30 09:36:02', 2);
INSERT INTO `data` VALUES (213, 'humidity', '59.3', '2021-05-28 06:39:57', 9);
INSERT INTO `data` VALUES (214, 'humidity', '59.5', '2020-05-09 11:31:48', 6);
INSERT INTO `data` VALUES (215, 'humidity', '48.8', '2020-11-13 22:30:32', 18);
INSERT INTO `data` VALUES (216, 'humidity', '50.1', '2020-11-28 12:09:36', 3);
INSERT INTO `data` VALUES (217, 'humidity', '51.4', '2020-08-21 00:50:31', 18);
INSERT INTO `data` VALUES (218, 'humidity', '41', '2020-06-27 11:45:53', 29);
INSERT INTO `data` VALUES (219, 'humidity', '45.7', '2020-06-09 17:58:49', 27);
INSERT INTO `data` VALUES (220, 'humidity', '40.2', '2021-05-15 05:30:07', 1);
INSERT INTO `data` VALUES (221, 'humidity', '47.8', '2020-06-25 14:50:59', 3);
INSERT INTO `data` VALUES (222, 'humidity', '39.7', '2020-12-11 15:01:48', 23);
INSERT INTO `data` VALUES (223, 'humidity', '55.9', '2021-02-07 18:03:00', 31);
INSERT INTO `data` VALUES (224, 'humidity', '53.3', '2021-02-15 12:03:53', 3);
INSERT INTO `data` VALUES (225, 'humidity', '53.6', '2021-05-31 17:40:29', 16);
INSERT INTO `data` VALUES (226, 'humidity', '53.2', '2021-01-18 13:57:51', 33);
INSERT INTO `data` VALUES (227, 'humidity', '46.5', '2021-07-02 22:08:37', 15);
INSERT INTO `data` VALUES (228, 'humidity', '49.1', '2020-05-14 22:12:22', 20);
INSERT INTO `data` VALUES (229, 'humidity', '55.9', '2021-01-10 04:46:59', 10);
INSERT INTO `data` VALUES (230, 'humidity', '56.1', '2021-04-03 01:14:55', 7);
INSERT INTO `data` VALUES (231, 'humidity', '57.3', '2021-04-14 03:00:51', 15);
INSERT INTO `data` VALUES (232, 'humidity', '58.3', '2020-12-11 14:17:19', 2);
INSERT INTO `data` VALUES (233, 'humidity', '45.4', '2021-03-12 08:55:36', 27);
INSERT INTO `data` VALUES (234, 'humidity', '61.7', '2020-07-04 04:01:47', 15);
INSERT INTO `data` VALUES (235, 'humidity', '45.4', '2020-05-28 11:35:23', 17);
INSERT INTO `data` VALUES (236, 'humidity', '56.3', '2021-04-27 15:29:38', 11);
INSERT INTO `data` VALUES (237, 'humidity', '48.3', '2021-03-26 06:46:07', 13);
INSERT INTO `data` VALUES (238, 'humidity', '48.8', '2021-02-10 00:51:47', 14);
INSERT INTO `data` VALUES (239, 'humidity', '56.4', '2020-10-31 14:10:58', 2);
INSERT INTO `data` VALUES (240, 'humidity', '53.2', '2020-06-08 08:28:39', 24);
INSERT INTO `data` VALUES (241, 'humidity', '53', '2020-12-25 02:18:45', 31);
INSERT INTO `data` VALUES (242, 'humidity', '56.7', '2021-04-06 07:49:44', 1);
INSERT INTO `data` VALUES (243, 'humidity', '38', '2021-04-11 16:54:44', 30);
INSERT INTO `data` VALUES (244, 'humidity', '54.3', '2021-04-11 10:59:53', 18);
INSERT INTO `data` VALUES (245, 'humidity', '54.4', '2020-11-11 20:12:39', 18);
INSERT INTO `data` VALUES (246, 'humidity', '60.7', '2020-06-12 08:26:29', 29);
INSERT INTO `data` VALUES (247, 'humidity', '59', '2021-01-24 00:30:34', 11);
INSERT INTO `data` VALUES (248, 'humidity', '51.8', '2021-05-16 06:45:50', 1);
INSERT INTO `data` VALUES (249, 'humidity', '58.9', '2021-06-30 00:33:18', 7);
INSERT INTO `data` VALUES (250, 'humidity', '49.5', '2021-05-16 05:51:56', 19);
INSERT INTO `data` VALUES (251, 'humidity', '44.1', '2021-03-04 20:20:12', 25);
INSERT INTO `data` VALUES (252, 'humidity', '51.9', '2020-12-09 14:17:08', 15);
INSERT INTO `data` VALUES (253, 'humidity', '56.9', '2020-06-06 17:56:13', 7);
INSERT INTO `data` VALUES (254, 'humidity', '51.3', '2021-01-27 21:49:30', 4);
INSERT INTO `data` VALUES (255, 'humidity', '53.1', '2021-06-06 21:12:49', 13);
INSERT INTO `data` VALUES (256, 'humidity', '49.3', '2021-01-31 02:08:59', 7);
INSERT INTO `data` VALUES (257, 'humidity', '45.2', '2021-05-13 03:14:01', 13);
INSERT INTO `data` VALUES (258, 'humidity', '53.5', '2020-11-26 17:10:41', 3);
INSERT INTO `data` VALUES (259, 'humidity', '55.9', '2021-03-13 16:16:55', 4);
INSERT INTO `data` VALUES (260, 'humidity', '62.1', '2021-06-22 17:53:57', 16);
INSERT INTO `data` VALUES (261, 'humidity', '37.9', '2020-06-29 00:48:25', 7);
INSERT INTO `data` VALUES (262, 'humidity', '44.4', '2021-03-13 00:03:55', 14);
INSERT INTO `data` VALUES (263, 'humidity', '42.4', '2021-06-22 01:56:58', 12);
INSERT INTO `data` VALUES (264, 'humidity', '61.8', '2021-04-26 09:20:43', 24);
INSERT INTO `data` VALUES (265, 'humidity', '44.5', '2021-03-07 18:53:09', 12);
INSERT INTO `data` VALUES (266, 'humidity', '65.1', '2020-05-17 14:25:40', 25);
INSERT INTO `data` VALUES (267, 'humidity', '46.4', '2020-12-19 15:11:12', 5);
INSERT INTO `data` VALUES (268, 'humidity', '51.3', '2020-08-15 14:21:53', 13);
INSERT INTO `data` VALUES (269, 'humidity', '47.9', '2021-02-16 14:58:42', 7);
INSERT INTO `data` VALUES (270, 'humidity', '55.8', '2021-04-22 12:51:52', 18);
INSERT INTO `data` VALUES (271, 'humidity', '34.8', '2021-06-29 17:10:41', 21);
INSERT INTO `data` VALUES (272, 'humidity', '54.4', '2021-02-02 22:51:07', 29);
INSERT INTO `data` VALUES (273, 'humidity', '43.5', '2021-06-03 22:39:07', 19);
INSERT INTO `data` VALUES (274, 'humidity', '50.3', '2020-08-23 14:49:13', 29);
INSERT INTO `data` VALUES (275, 'humidity', '48.5', '2021-01-21 22:49:58', 16);
INSERT INTO `data` VALUES (276, 'humidity', '46', '2021-04-11 14:10:46', 21);
INSERT INTO `data` VALUES (277, 'humidity', '50.1', '2020-07-09 17:41:12', 22);
INSERT INTO `data` VALUES (278, 'humidity', '47.1', '2021-06-05 15:48:07', 33);
INSERT INTO `data` VALUES (279, 'humidity', '59.5', '2020-05-09 19:53:56', 19);
INSERT INTO `data` VALUES (280, 'humidity', '57.7', '2020-09-06 06:09:06', 27);
INSERT INTO `data` VALUES (281, 'humidity', '37.8', '2020-05-15 22:45:12', 15);
INSERT INTO `data` VALUES (282, 'humidity', '55.9', '2020-11-24 13:18:07', 13);
INSERT INTO `data` VALUES (283, 'humidity', '63.6', '2021-04-10 12:55:57', 27);
INSERT INTO `data` VALUES (284, 'humidity', '46.2', '2021-05-05 03:10:18', 17);
INSERT INTO `data` VALUES (285, 'humidity', '44.4', '2021-06-14 07:55:32', 9);
INSERT INTO `data` VALUES (286, 'humidity', '50.9', '2020-11-06 00:31:54', 1);
INSERT INTO `data` VALUES (287, 'humidity', '53.7', '2020-09-17 07:21:06', 8);
INSERT INTO `data` VALUES (288, 'humidity', '45.8', '2021-01-15 05:33:17', 26);
INSERT INTO `data` VALUES (289, 'humidity', '54.3', '2020-06-18 13:48:30', 32);
INSERT INTO `data` VALUES (290, 'humidity', '45.4', '2020-11-26 02:32:32', 6);
INSERT INTO `data` VALUES (291, 'humidity', '53.6', '2020-11-03 19:08:36', 8);
INSERT INTO `data` VALUES (292, 'humidity', '52.1', '2021-06-07 19:47:38', 10);
INSERT INTO `data` VALUES (293, 'humidity', '47.3', '2021-05-19 10:58:41', 33);
INSERT INTO `data` VALUES (294, 'humidity', '39.3', '2021-04-21 21:39:45', 3);
INSERT INTO `data` VALUES (295, 'humidity', '46.1', '2021-06-19 02:29:54', 33);
INSERT INTO `data` VALUES (296, 'humidity', '41.9', '2020-11-13 23:00:12', 18);
INSERT INTO `data` VALUES (297, 'humidity', '57.8', '2021-04-10 02:40:44', 21);
INSERT INTO `data` VALUES (298, 'humidity', '54.6', '2020-08-04 15:52:45', 16);
INSERT INTO `data` VALUES (299, 'humidity', '44.6', '2020-05-31 04:32:14', 3);
INSERT INTO `data` VALUES (300, 'humidity', '52.6', '2020-10-25 16:25:51', 1);
INSERT INTO `data` VALUES (301, 'humidity', '49', '2020-06-04 23:04:59', 23);
INSERT INTO `data` VALUES (302, 'humidity', '56.5', '2021-02-06 07:25:50', 1);
INSERT INTO `data` VALUES (303, 'humidity', '45.6', '2020-05-11 05:54:32', 21);
INSERT INTO `data` VALUES (304, 'humidity', '51.3', '2020-07-09 15:23:08', 17);
INSERT INTO `data` VALUES (305, 'humidity', '52.8', '2020-12-22 00:33:16', 3);
INSERT INTO `data` VALUES (306, 'humidity', '56.5', '2021-03-07 04:41:26', 16);
INSERT INTO `data` VALUES (307, 'humidity', '45.8', '2020-12-26 13:51:25', 32);
INSERT INTO `data` VALUES (308, 'humidity', '50.2', '2020-11-08 12:43:38', 3);
INSERT INTO `data` VALUES (309, 'humidity', '50', '2021-05-11 14:57:18', 28);
INSERT INTO `data` VALUES (310, 'humidity', '47.1', '2021-02-17 19:06:54', 31);
INSERT INTO `data` VALUES (311, 'humidity', '66', '2020-12-13 01:43:35', 32);
INSERT INTO `data` VALUES (312, 'humidity', '39.1', '2021-04-13 05:18:57', 2);
INSERT INTO `data` VALUES (313, 'humidity', '65', '2020-10-27 02:04:23', 23);
INSERT INTO `data` VALUES (314, 'humidity', '56.9', '2020-05-03 01:18:46', 28);
INSERT INTO `data` VALUES (315, 'humidity', '52.1', '2020-11-19 02:46:49', 6);
INSERT INTO `data` VALUES (316, 'humidity', '40.9', '2020-08-01 02:37:41', 8);
INSERT INTO `data` VALUES (317, 'humidity', '53.8', '2020-06-06 18:54:22', 23);
INSERT INTO `data` VALUES (318, 'humidity', '46.9', '2021-01-07 20:20:41', 20);
INSERT INTO `data` VALUES (319, 'humidity', '47.4', '2020-06-09 23:17:07', 13);
INSERT INTO `data` VALUES (320, 'humidity', '31.3', '2021-03-03 12:31:54', 5);
INSERT INTO `data` VALUES (321, 'humidity', '65.4', '2020-08-02 05:33:29', 23);
INSERT INTO `data` VALUES (322, 'humidity', '51.4', '2020-12-26 23:50:23', 4);
INSERT INTO `data` VALUES (323, 'humidity', '48.3', '2021-02-19 04:30:37', 13);
INSERT INTO `data` VALUES (324, 'humidity', '48.1', '2020-08-20 00:05:13', 5);
INSERT INTO `data` VALUES (325, 'humidity', '37.3', '2020-10-10 10:58:05', 8);
INSERT INTO `data` VALUES (326, 'humidity', '68.5', '2020-10-02 10:05:59', 31);
INSERT INTO `data` VALUES (327, 'humidity', '58', '2021-02-19 19:37:53', 7);
INSERT INTO `data` VALUES (328, 'humidity', '47.4', '2020-08-22 05:17:38', 4);
INSERT INTO `data` VALUES (329, 'humidity', '46.7', '2020-08-25 16:48:30', 16);
INSERT INTO `data` VALUES (330, 'humidity', '53.1', '2020-07-16 08:11:32', 26);
INSERT INTO `data` VALUES (331, 'humidity', '54.8', '2021-04-05 19:37:20', 16);
INSERT INTO `data` VALUES (332, 'humidity', '52.9', '2020-11-19 12:43:35', 28);
INSERT INTO `data` VALUES (333, 'humidity', '53.6', '2020-12-15 11:06:50', 15);
INSERT INTO `data` VALUES (334, 'humidity', '43.3', '2020-10-25 11:59:05', 29);
INSERT INTO `data` VALUES (335, 'humidity', '43.5', '2020-10-27 22:09:57', 28);
INSERT INTO `data` VALUES (336, 'humidity', '47.2', '2020-08-30 05:02:47', 18);
INSERT INTO `data` VALUES (337, 'humidity', '51.2', '2020-10-28 00:28:25', 9);
INSERT INTO `data` VALUES (338, 'humidity', '57.5', '2020-07-22 02:24:20', 10);
INSERT INTO `data` VALUES (339, 'humidity', '45.4', '2021-06-02 17:24:49', 8);
INSERT INTO `data` VALUES (340, 'humidity', '54.9', '2020-08-14 01:35:02', 17);
INSERT INTO `data` VALUES (341, 'humidity', '53', '2021-05-31 02:47:33', 21);
INSERT INTO `data` VALUES (342, 'humidity', '57.2', '2021-05-22 09:05:16', 20);
INSERT INTO `data` VALUES (343, 'humidity', '49.9', '2021-01-20 04:01:39', 14);
INSERT INTO `data` VALUES (344, 'humidity', '48.2', '2020-09-30 14:46:33', 20);
INSERT INTO `data` VALUES (345, 'humidity', '54.5', '2021-01-06 13:56:47', 20);
INSERT INTO `data` VALUES (346, 'humidity', '59.9', '2021-01-28 16:41:56', 4);
INSERT INTO `data` VALUES (347, 'humidity', '35.6', '2021-05-12 19:18:13', 18);
INSERT INTO `data` VALUES (348, 'humidity', '63.7', '2020-09-19 12:35:17', 19);
INSERT INTO `data` VALUES (349, 'humidity', '53.5', '2020-10-09 02:09:25', 9);
INSERT INTO `data` VALUES (350, 'humidity', '56.1', '2020-07-25 08:40:57', 14);
INSERT INTO `data` VALUES (351, 'humidity', '51.9', '2020-05-13 07:46:48', 13);
INSERT INTO `data` VALUES (352, 'humidity', '55.2', '2020-05-03 19:58:49', 22);
INSERT INTO `data` VALUES (353, 'humidity', '56.9', '2020-06-11 11:54:18', 12);
INSERT INTO `data` VALUES (354, 'humidity', '63.7', '2021-04-21 20:13:03', 16);
INSERT INTO `data` VALUES (355, 'humidity', '50.3', '2021-04-11 01:57:40', 21);
INSERT INTO `data` VALUES (356, 'humidity', '40.3', '2021-05-13 13:42:43', 22);
INSERT INTO `data` VALUES (357, 'humidity', '41.9', '2021-04-14 16:49:55', 21);
INSERT INTO `data` VALUES (358, 'humidity', '52.8', '2020-12-15 14:15:54', 24);
INSERT INTO `data` VALUES (359, 'humidity', '61.6', '2021-03-26 08:42:18', 12);
INSERT INTO `data` VALUES (360, 'humidity', '52.9', '2021-06-07 00:00:33', 6);
INSERT INTO `data` VALUES (361, 'humidity', '45.1', '2021-01-29 08:58:24', 5);
INSERT INTO `data` VALUES (362, 'humidity', '56.8', '2020-05-05 18:36:59', 29);
INSERT INTO `data` VALUES (363, 'humidity', '56.9', '2020-09-16 14:22:26', 29);
INSERT INTO `data` VALUES (364, 'humidity', '65.8', '2020-11-11 13:32:46', 24);
INSERT INTO `data` VALUES (365, 'humidity', '54.4', '2021-05-31 11:22:58', 1);
INSERT INTO `data` VALUES (366, 'humidity', '43.1', '2020-07-05 18:44:05', 1);
INSERT INTO `data` VALUES (367, 'humidity', '49.9', '2021-04-12 17:30:57', 30);
INSERT INTO `data` VALUES (368, 'humidity', '41.7', '2020-12-27 05:02:10', 11);
INSERT INTO `data` VALUES (369, 'humidity', '36.8', '2020-12-10 22:39:30', 21);
INSERT INTO `data` VALUES (370, 'humidity', '47.7', '2021-04-21 01:52:50', 12);
INSERT INTO `data` VALUES (371, 'humidity', '34.9', '2020-06-23 15:27:28', 28);
INSERT INTO `data` VALUES (372, 'humidity', '58.6', '2020-12-10 19:38:12', 1);
INSERT INTO `data` VALUES (373, 'humidity', '44.3', '2020-10-16 17:00:24', 19);
INSERT INTO `data` VALUES (374, 'humidity', '59', '2020-07-12 00:44:55', 20);
INSERT INTO `data` VALUES (375, 'humidity', '54.3', '2020-05-09 09:40:19', 10);
INSERT INTO `data` VALUES (376, 'humidity', '53.7', '2021-01-31 02:52:40', 30);
INSERT INTO `data` VALUES (377, 'humidity', '61.5', '2020-12-01 16:44:51', 19);
INSERT INTO `data` VALUES (378, 'humidity', '38.6', '2021-01-14 10:42:24', 30);
INSERT INTO `data` VALUES (379, 'humidity', '54.2', '2020-11-15 16:55:17', 22);
INSERT INTO `data` VALUES (380, 'humidity', '62.3', '2020-11-26 13:17:50', 30);
INSERT INTO `data` VALUES (381, 'humidity', '50.8', '2021-06-02 00:22:09', 14);
INSERT INTO `data` VALUES (382, 'humidity', '36.8', '2021-01-26 23:37:24', 29);
INSERT INTO `data` VALUES (383, 'humidity', '52.6', '2020-10-14 03:16:52', 14);
INSERT INTO `data` VALUES (384, 'humidity', '56.5', '2020-11-14 18:21:28', 6);
INSERT INTO `data` VALUES (385, 'humidity', '40.5', '2021-02-18 17:46:35', 4);
INSERT INTO `data` VALUES (386, 'humidity', '55.6', '2020-12-24 22:41:20', 1);
INSERT INTO `data` VALUES (387, 'humidity', '45.5', '2020-12-01 20:54:34', 24);
INSERT INTO `data` VALUES (388, 'humidity', '39.1', '2021-01-07 10:11:06', 18);
INSERT INTO `data` VALUES (389, 'humidity', '40.9', '2021-06-13 12:30:08', 30);
INSERT INTO `data` VALUES (390, 'humidity', '48.7', '2020-08-21 21:11:00', 32);
INSERT INTO `data` VALUES (391, 'humidity', '52.2', '2021-01-17 00:25:32', 7);
INSERT INTO `data` VALUES (392, 'humidity', '55.1', '2021-06-26 03:15:06', 32);
INSERT INTO `data` VALUES (393, 'humidity', '51', '2020-07-22 01:04:36', 9);
INSERT INTO `data` VALUES (394, 'humidity', '41.8', '2021-01-27 17:50:20', 6);
INSERT INTO `data` VALUES (395, 'humidity', '48.2', '2021-05-28 03:24:08', 17);
INSERT INTO `data` VALUES (396, 'humidity', '70.4', '2020-12-18 09:22:49', 27);
INSERT INTO `data` VALUES (397, 'humidity', '36.8', '2020-10-13 10:31:31', 19);
INSERT INTO `data` VALUES (398, 'humidity', '52.6', '2021-03-08 13:01:06', 5);
INSERT INTO `data` VALUES (399, 'humidity', '49.7', '2020-09-03 16:22:57', 13);
INSERT INTO `data` VALUES (400, 'humidity', '46.8', '2020-08-09 02:38:11', 30);
INSERT INTO `data` VALUES (401, 'humidity', '44.6', '2021-01-30 06:48:08', 16);
INSERT INTO `data` VALUES (402, 'humidity', '56.7', '2021-04-06 00:00:58', 26);
INSERT INTO `data` VALUES (403, 'humidity', '54.5', '2020-06-12 07:32:48', 12);
INSERT INTO `data` VALUES (404, 'humidity', '51.5', '2021-02-27 03:11:31', 27);
INSERT INTO `data` VALUES (405, 'humidity', '54.3', '2021-03-02 05:45:44', 1);
INSERT INTO `data` VALUES (406, 'humidity', '46.5', '2020-05-19 05:58:47', 6);
INSERT INTO `data` VALUES (407, 'humidity', '47.8', '2020-08-22 12:32:18', 13);
INSERT INTO `data` VALUES (408, 'humidity', '53.7', '2021-04-25 09:09:42', 31);
INSERT INTO `data` VALUES (409, 'humidity', '46.9', '2020-12-19 07:43:20', 20);
INSERT INTO `data` VALUES (410, 'humidity', '49.9', '2021-03-14 10:27:17', 6);
INSERT INTO `data` VALUES (411, 'humidity', '58.3', '2021-07-02 08:52:26', 14);
INSERT INTO `data` VALUES (412, 'humidity', '50.3', '2021-05-19 23:45:00', 4);
INSERT INTO `data` VALUES (413, 'humidity', '44.1', '2020-08-15 07:40:01', 6);
INSERT INTO `data` VALUES (414, 'humidity', '58.1', '2021-01-23 11:29:42', 28);
INSERT INTO `data` VALUES (415, 'humidity', '63.1', '2021-03-05 13:11:27', 15);
INSERT INTO `data` VALUES (416, 'humidity', '55.4', '2021-03-08 08:22:59', 4);
INSERT INTO `data` VALUES (417, 'humidity', '55.5', '2021-07-02 16:18:11', 4);
INSERT INTO `data` VALUES (418, 'humidity', '42.6', '2020-08-01 09:12:38', 10);
INSERT INTO `data` VALUES (419, 'humidity', '46.5', '2020-09-01 06:50:03', 19);
INSERT INTO `data` VALUES (420, 'humidity', '43.1', '2021-06-13 11:31:34', 25);
INSERT INTO `data` VALUES (421, 'humidity', '45.2', '2020-10-12 08:38:05', 31);
INSERT INTO `data` VALUES (422, 'humidity', '55.1', '2020-10-30 12:09:22', 27);
INSERT INTO `data` VALUES (423, 'humidity', '56.7', '2021-05-26 03:11:48', 26);
INSERT INTO `data` VALUES (424, 'humidity', '51.4', '2020-07-20 22:20:26', 12);
INSERT INTO `data` VALUES (425, 'humidity', '31.8', '2020-12-19 07:25:13', 32);
INSERT INTO `data` VALUES (426, 'humidity', '47.4', '2021-01-18 06:05:14', 25);
INSERT INTO `data` VALUES (427, 'humidity', '56.1', '2021-06-20 08:12:28', 17);
INSERT INTO `data` VALUES (428, 'humidity', '57.4', '2021-06-30 19:28:03', 17);
INSERT INTO `data` VALUES (429, 'humidity', '43.5', '2021-03-23 16:05:20', 4);
INSERT INTO `data` VALUES (430, 'humidity', '47.4', '2021-05-18 20:04:50', 18);
INSERT INTO `data` VALUES (431, 'humidity', '52.6', '2020-12-08 02:19:05', 1);
INSERT INTO `data` VALUES (432, 'humidity', '56.5', '2021-05-06 01:39:07', 32);
INSERT INTO `data` VALUES (433, 'humidity', '55.7', '2020-09-16 19:14:53', 14);
INSERT INTO `data` VALUES (434, 'humidity', '52', '2020-09-05 07:11:48', 32);
INSERT INTO `data` VALUES (435, 'humidity', '40.5', '2020-12-03 10:10:43', 32);
INSERT INTO `data` VALUES (436, 'humidity', '60.1', '2020-11-23 12:19:34', 23);
INSERT INTO `data` VALUES (437, 'humidity', '56.1', '2021-02-20 21:10:04', 1);
INSERT INTO `data` VALUES (438, 'humidity', '44.7', '2020-06-10 20:58:32', 21);
INSERT INTO `data` VALUES (439, 'humidity', '60.9', '2021-01-28 09:05:18', 21);
INSERT INTO `data` VALUES (440, 'humidity', '59.6', '2021-05-03 11:53:12', 16);
INSERT INTO `data` VALUES (441, 'humidity', '47.4', '2020-12-10 00:23:07', 6);
INSERT INTO `data` VALUES (442, 'humidity', '53.2', '2020-06-09 12:26:32', 14);
INSERT INTO `data` VALUES (443, 'humidity', '58.1', '2020-10-24 17:44:04', 27);
INSERT INTO `data` VALUES (444, 'humidity', '59', '2020-10-23 17:32:24', 13);
INSERT INTO `data` VALUES (445, 'humidity', '44.5', '2021-05-06 18:40:27', 17);
INSERT INTO `data` VALUES (446, 'humidity', '36.8', '2020-05-12 02:46:01', 22);
INSERT INTO `data` VALUES (447, 'humidity', '56.8', '2020-08-18 14:39:48', 31);
INSERT INTO `data` VALUES (448, 'humidity', '59.4', '2021-02-10 20:48:55', 6);
INSERT INTO `data` VALUES (449, 'humidity', '62.2', '2020-11-11 10:02:13', 11);
INSERT INTO `data` VALUES (450, 'humidity', '56.7', '2020-07-05 08:12:17', 29);
INSERT INTO `data` VALUES (451, 'humidity', '57.4', '2021-02-08 16:25:53', 18);
INSERT INTO `data` VALUES (452, 'humidity', '51', '2020-05-19 01:17:58', 24);
INSERT INTO `data` VALUES (453, 'humidity', '51.3', '2021-05-10 20:13:27', 3);
INSERT INTO `data` VALUES (454, 'humidity', '62.9', '2020-12-21 16:58:42', 10);
INSERT INTO `data` VALUES (455, 'humidity', '60.1', '2020-07-24 17:05:31', 28);
INSERT INTO `data` VALUES (456, 'humidity', '53.3', '2020-12-28 17:24:12', 14);
INSERT INTO `data` VALUES (457, 'humidity', '56.7', '2021-05-09 17:56:40', 8);
INSERT INTO `data` VALUES (458, 'humidity', '41.9', '2020-09-15 05:05:23', 11);
INSERT INTO `data` VALUES (459, 'humidity', '56.5', '2021-02-07 21:23:21', 20);
INSERT INTO `data` VALUES (460, 'humidity', '46', '2021-05-01 13:27:47', 5);
INSERT INTO `data` VALUES (461, 'humidity', '64.7', '2020-10-09 18:53:05', 12);
INSERT INTO `data` VALUES (462, 'humidity', '58.4', '2020-09-29 16:10:26', 26);
INSERT INTO `data` VALUES (463, 'humidity', '59.4', '2020-12-25 09:52:10', 23);
INSERT INTO `data` VALUES (464, 'humidity', '49.6', '2020-05-26 17:11:57', 22);
INSERT INTO `data` VALUES (465, 'humidity', '39.4', '2021-03-07 01:29:43', 21);
INSERT INTO `data` VALUES (466, 'humidity', '56.5', '2020-12-26 01:51:19', 23);
INSERT INTO `data` VALUES (467, 'humidity', '52.5', '2021-02-22 20:37:34', 26);
INSERT INTO `data` VALUES (468, 'humidity', '50.5', '2021-04-05 02:46:15', 22);
INSERT INTO `data` VALUES (469, 'humidity', '45.1', '2021-06-18 04:43:17', 27);
INSERT INTO `data` VALUES (470, 'humidity', '51.8', '2020-08-06 06:34:06', 7);
INSERT INTO `data` VALUES (471, 'humidity', '53.8', '2021-04-10 01:26:49', 3);
INSERT INTO `data` VALUES (472, 'humidity', '45.5', '2020-12-12 09:45:31', 21);
INSERT INTO `data` VALUES (473, 'humidity', '40', '2020-10-05 16:49:32', 7);
INSERT INTO `data` VALUES (474, 'humidity', '51.9', '2020-08-07 02:48:39', 27);
INSERT INTO `data` VALUES (475, 'humidity', '43.5', '2021-04-16 04:41:59', 20);
INSERT INTO `data` VALUES (476, 'humidity', '64.8', '2021-05-20 11:57:03', 8);
INSERT INTO `data` VALUES (477, 'humidity', '55.3', '2021-04-22 03:52:49', 5);
INSERT INTO `data` VALUES (478, 'humidity', '47.8', '2021-06-13 08:07:32', 6);
INSERT INTO `data` VALUES (479, 'humidity', '40.7', '2020-09-01 05:24:24', 5);
INSERT INTO `data` VALUES (480, 'humidity', '50.8', '2021-06-10 08:30:23', 19);
INSERT INTO `data` VALUES (481, 'humidity', '59.8', '2020-07-21 13:43:14', 7);
INSERT INTO `data` VALUES (482, 'humidity', '44.3', '2020-08-28 19:50:04', 6);
INSERT INTO `data` VALUES (483, 'humidity', '53.5', '2020-10-28 01:55:54', 21);
INSERT INTO `data` VALUES (484, 'humidity', '56.6', '2021-03-13 00:43:50', 14);
INSERT INTO `data` VALUES (485, 'humidity', '53.7', '2020-11-14 06:19:58', 32);
INSERT INTO `data` VALUES (486, 'humidity', '55.7', '2021-02-08 21:52:06', 32);
INSERT INTO `data` VALUES (487, 'humidity', '54.1', '2020-10-06 06:14:27', 19);
INSERT INTO `data` VALUES (488, 'humidity', '50.6', '2020-07-04 12:19:46', 27);
INSERT INTO `data` VALUES (489, 'humidity', '51.9', '2020-05-06 03:51:39', 15);
INSERT INTO `data` VALUES (490, 'humidity', '55.1', '2021-05-01 02:02:43', 4);
INSERT INTO `data` VALUES (491, 'humidity', '44.8', '2021-06-26 09:47:39', 24);
INSERT INTO `data` VALUES (492, 'humidity', '62.6', '2020-07-16 22:22:57', 16);
INSERT INTO `data` VALUES (493, 'humidity', '35.6', '2020-11-04 03:19:33', 9);
INSERT INTO `data` VALUES (494, 'humidity', '52.4', '2020-08-25 02:56:15', 24);
INSERT INTO `data` VALUES (495, 'humidity', '45.8', '2021-03-06 23:12:03', 28);
INSERT INTO `data` VALUES (496, 'humidity', '56.6', '2020-08-09 13:59:54', 16);
INSERT INTO `data` VALUES (497, 'humidity', '44.8', '2021-04-10 03:08:19', 20);
INSERT INTO `data` VALUES (498, 'humidity', '63.3', '2021-03-16 03:28:39', 5);
INSERT INTO `data` VALUES (499, 'humidity', '49.9', '2020-08-10 00:32:58', 18);
INSERT INTO `data` VALUES (500, 'humidity', '51.5', '2021-03-01 17:51:36', 5);
INSERT INTO `data` VALUES (501, 'temperature', '27.8', '2020-05-27 10:45:14', 63);
INSERT INTO `data` VALUES (502, 'temperature', '26.2', '2020-11-25 23:06:28', 51);
INSERT INTO `data` VALUES (503, 'temperature', '24.4', '2020-10-16 19:17:23', 61);
INSERT INTO `data` VALUES (504, 'temperature', '27.2', '2020-11-03 05:23:27', 49);
INSERT INTO `data` VALUES (505, 'temperature', '27.5', '2020-05-08 19:45:18', 60);
INSERT INTO `data` VALUES (506, 'temperature', '26.2', '2021-03-01 11:09:33', 65);
INSERT INTO `data` VALUES (507, 'temperature', '27.3', '2021-06-22 00:58:10', 35);
INSERT INTO `data` VALUES (508, 'temperature', '21', '2020-10-10 22:56:53', 47);
INSERT INTO `data` VALUES (509, 'temperature', '23.7', '2020-10-04 14:01:33', 41);
INSERT INTO `data` VALUES (510, 'temperature', '26.8', '2020-07-12 09:47:28', 54);
INSERT INTO `data` VALUES (511, 'temperature', '27.9', '2021-03-31 01:50:04', 44);
INSERT INTO `data` VALUES (512, 'temperature', '26.7', '2020-08-28 04:34:45', 65);
INSERT INTO `data` VALUES (513, 'temperature', '27.4', '2021-04-07 07:28:02', 55);
INSERT INTO `data` VALUES (514, 'temperature', '25.4', '2020-07-11 01:38:00', 52);
INSERT INTO `data` VALUES (515, 'temperature', '20.3', '2020-07-04 08:25:18', 60);
INSERT INTO `data` VALUES (516, 'temperature', '29.4', '2021-05-04 11:03:59', 44);
INSERT INTO `data` VALUES (517, 'temperature', '24.2', '2020-10-08 04:22:03', 65);
INSERT INTO `data` VALUES (518, 'temperature', '25.1', '2020-09-16 09:42:49', 44);
INSERT INTO `data` VALUES (519, 'temperature', '24', '2020-09-24 22:42:10', 36);
INSERT INTO `data` VALUES (520, 'temperature', '23.3', '2021-02-04 20:43:27', 35);
INSERT INTO `data` VALUES (521, 'temperature', '23.4', '2020-07-20 07:04:41', 63);
INSERT INTO `data` VALUES (522, 'temperature', '24.1', '2021-02-05 16:27:27', 43);
INSERT INTO `data` VALUES (523, 'temperature', '25', '2021-02-14 03:20:58', 47);
INSERT INTO `data` VALUES (524, 'temperature', '28', '2020-07-21 07:36:28', 43);
INSERT INTO `data` VALUES (525, 'temperature', '21.9', '2021-01-08 18:25:53', 66);
INSERT INTO `data` VALUES (526, 'temperature', '25.5', '2020-10-27 04:04:06', 50);
INSERT INTO `data` VALUES (527, 'temperature', '24.2', '2021-04-01 16:28:53', 39);
INSERT INTO `data` VALUES (528, 'temperature', '25.4', '2020-10-10 12:17:01', 37);
INSERT INTO `data` VALUES (529, 'temperature', '28.3', '2021-04-18 14:25:21', 42);
INSERT INTO `data` VALUES (530, 'temperature', '25', '2020-10-12 06:34:39', 42);
INSERT INTO `data` VALUES (531, 'temperature', '21.4', '2020-12-18 11:42:09', 38);
INSERT INTO `data` VALUES (532, 'temperature', '23.5', '2020-08-21 12:09:47', 56);
INSERT INTO `data` VALUES (533, 'temperature', '24.3', '2021-03-21 15:25:29', 45);
INSERT INTO `data` VALUES (534, 'temperature', '27.2', '2020-06-06 17:18:22', 56);
INSERT INTO `data` VALUES (535, 'temperature', '24.7', '2020-06-11 01:59:43', 42);
INSERT INTO `data` VALUES (536, 'temperature', '25.2', '2020-10-24 18:00:14', 34);
INSERT INTO `data` VALUES (537, 'temperature', '26.9', '2021-03-11 18:56:04', 63);
INSERT INTO `data` VALUES (538, 'temperature', '26.3', '2021-05-17 09:37:07', 43);
INSERT INTO `data` VALUES (539, 'temperature', '24.5', '2020-12-30 20:10:30', 38);
INSERT INTO `data` VALUES (540, 'temperature', '22.4', '2021-05-09 08:51:44', 65);
INSERT INTO `data` VALUES (541, 'temperature', '24.7', '2020-06-01 07:14:37', 46);
INSERT INTO `data` VALUES (542, 'temperature', '26.5', '2021-06-14 11:36:16', 53);
INSERT INTO `data` VALUES (543, 'temperature', '26.1', '2020-07-01 06:31:57', 57);
INSERT INTO `data` VALUES (544, 'temperature', '24', '2021-04-06 21:26:59', 47);
INSERT INTO `data` VALUES (545, 'temperature', '27.3', '2020-05-25 13:35:07', 39);
INSERT INTO `data` VALUES (546, 'temperature', '25.4', '2020-10-15 23:26:54', 38);
INSERT INTO `data` VALUES (547, 'temperature', '23.9', '2020-07-01 10:53:44', 60);
INSERT INTO `data` VALUES (548, 'temperature', '28', '2020-07-25 01:54:15', 62);
INSERT INTO `data` VALUES (549, 'temperature', '24.7', '2020-12-13 02:53:57', 55);
INSERT INTO `data` VALUES (550, 'temperature', '26.1', '2020-11-06 23:07:02', 48);
INSERT INTO `data` VALUES (551, 'temperature', '25.5', '2021-06-18 13:44:56', 64);
INSERT INTO `data` VALUES (552, 'temperature', '16.9', '2021-03-15 01:38:18', 66);
INSERT INTO `data` VALUES (553, 'temperature', '25.6', '2021-01-14 20:58:43', 63);
INSERT INTO `data` VALUES (554, 'temperature', '26.6', '2020-09-09 23:18:28', 57);
INSERT INTO `data` VALUES (555, 'temperature', '25.4', '2020-05-11 21:41:13', 66);
INSERT INTO `data` VALUES (556, 'temperature', '23.9', '2020-08-18 12:35:23', 58);
INSERT INTO `data` VALUES (557, 'temperature', '25', '2020-07-27 08:36:54', 48);
INSERT INTO `data` VALUES (558, 'temperature', '24.3', '2020-11-29 01:27:38', 60);
INSERT INTO `data` VALUES (559, 'temperature', '22.8', '2020-07-03 23:28:48', 57);
INSERT INTO `data` VALUES (560, 'temperature', '18.9', '2021-05-23 21:01:22', 50);
INSERT INTO `data` VALUES (561, 'temperature', '26.5', '2020-07-19 20:06:30', 43);
INSERT INTO `data` VALUES (562, 'temperature', '22', '2021-03-05 01:12:00', 57);
INSERT INTO `data` VALUES (563, 'temperature', '22.2', '2020-08-12 14:59:09', 61);
INSERT INTO `data` VALUES (564, 'temperature', '24.2', '2020-07-23 14:47:13', 51);
INSERT INTO `data` VALUES (565, 'temperature', '25', '2020-12-19 08:55:52', 40);
INSERT INTO `data` VALUES (566, 'temperature', '20.2', '2020-12-11 03:26:46', 46);
INSERT INTO `data` VALUES (567, 'temperature', '24.4', '2021-04-16 13:56:49', 56);
INSERT INTO `data` VALUES (568, 'temperature', '25.9', '2020-09-02 22:57:42', 45);
INSERT INTO `data` VALUES (569, 'temperature', '24.2', '2021-01-12 00:29:46', 66);
INSERT INTO `data` VALUES (570, 'temperature', '24.8', '2020-12-17 15:36:46', 58);
INSERT INTO `data` VALUES (571, 'temperature', '26.2', '2020-08-20 02:58:47', 51);
INSERT INTO `data` VALUES (572, 'temperature', '26.3', '2021-06-08 11:07:59', 46);
INSERT INTO `data` VALUES (573, 'temperature', '25.3', '2021-01-19 10:03:31', 49);
INSERT INTO `data` VALUES (574, 'temperature', '25.3', '2021-05-16 05:04:35', 50);
INSERT INTO `data` VALUES (575, 'temperature', '28', '2020-08-21 00:27:26', 53);
INSERT INTO `data` VALUES (576, 'temperature', '24.7', '2020-07-09 05:34:02', 62);
INSERT INTO `data` VALUES (577, 'temperature', '24.2', '2021-04-28 13:10:07', 52);
INSERT INTO `data` VALUES (578, 'temperature', '24.1', '2020-05-24 11:03:52', 50);
INSERT INTO `data` VALUES (579, 'temperature', '28.3', '2021-01-03 08:14:13', 49);
INSERT INTO `data` VALUES (580, 'temperature', '24.3', '2020-09-24 08:46:53', 41);
INSERT INTO `data` VALUES (581, 'temperature', '26.1', '2020-08-06 16:57:49', 36);
INSERT INTO `data` VALUES (582, 'temperature', '25.7', '2020-11-08 16:59:31', 58);
INSERT INTO `data` VALUES (583, 'temperature', '27.8', '2021-04-18 12:08:01', 62);
INSERT INTO `data` VALUES (584, 'temperature', '23.7', '2021-03-15 00:30:49', 52);
INSERT INTO `data` VALUES (585, 'temperature', '26.6', '2021-01-31 11:01:31', 62);
INSERT INTO `data` VALUES (586, 'temperature', '24.7', '2020-09-28 09:29:47', 52);
INSERT INTO `data` VALUES (587, 'temperature', '27.5', '2020-06-05 18:19:54', 35);
INSERT INTO `data` VALUES (588, 'temperature', '26.1', '2020-12-18 12:48:48', 64);
INSERT INTO `data` VALUES (589, 'temperature', '26', '2020-12-24 10:42:38', 49);
INSERT INTO `data` VALUES (590, 'temperature', '24.3', '2021-05-01 04:59:23', 63);
INSERT INTO `data` VALUES (591, 'temperature', '26.1', '2021-01-09 03:59:44', 62);
INSERT INTO `data` VALUES (592, 'temperature', '25.7', '2021-02-15 13:46:21', 56);
INSERT INTO `data` VALUES (593, 'temperature', '29.3', '2021-03-12 11:02:05', 66);
INSERT INTO `data` VALUES (594, 'temperature', '28', '2020-07-11 10:51:38', 49);
INSERT INTO `data` VALUES (595, 'temperature', '24.1', '2021-03-14 19:29:44', 65);
INSERT INTO `data` VALUES (596, 'temperature', '23.3', '2020-06-25 10:47:28', 61);
INSERT INTO `data` VALUES (597, 'temperature', '24.4', '2021-05-06 05:33:47', 54);
INSERT INTO `data` VALUES (598, 'temperature', '21.1', '2021-01-01 20:15:10', 51);
INSERT INTO `data` VALUES (599, 'temperature', '30.6', '2021-01-23 11:54:35', 56);
INSERT INTO `data` VALUES (600, 'temperature', '25.5', '2021-01-21 01:34:22', 40);
INSERT INTO `data` VALUES (601, 'temperature', '28.5', '2021-03-12 06:24:53', 54);
INSERT INTO `data` VALUES (602, 'temperature', '24.6', '2020-09-25 21:10:31', 51);
INSERT INTO `data` VALUES (603, 'temperature', '24.5', '2021-04-08 20:11:51', 42);
INSERT INTO `data` VALUES (604, 'temperature', '23.7', '2020-10-14 12:05:55', 51);
INSERT INTO `data` VALUES (605, 'temperature', '27.7', '2020-05-25 13:54:47', 48);
INSERT INTO `data` VALUES (606, 'temperature', '23.6', '2021-05-05 19:43:25', 60);
INSERT INTO `data` VALUES (607, 'temperature', '17.4', '2020-05-24 10:20:57', 52);
INSERT INTO `data` VALUES (608, 'temperature', '27.6', '2021-01-19 12:21:04', 51);
INSERT INTO `data` VALUES (609, 'temperature', '26.6', '2020-08-07 09:03:21', 44);
INSERT INTO `data` VALUES (610, 'temperature', '26.1', '2020-09-25 16:39:17', 53);
INSERT INTO `data` VALUES (611, 'temperature', '22.3', '2020-05-03 18:35:13', 38);
INSERT INTO `data` VALUES (612, 'temperature', '22.6', '2020-10-08 18:50:16', 48);
INSERT INTO `data` VALUES (613, 'temperature', '24.5', '2021-01-05 01:55:31', 36);
INSERT INTO `data` VALUES (614, 'temperature', '25.9', '2021-05-01 02:21:26', 40);
INSERT INTO `data` VALUES (615, 'temperature', '27', '2021-04-10 10:22:34', 51);
INSERT INTO `data` VALUES (616, 'temperature', '26.3', '2021-05-11 19:49:54', 51);
INSERT INTO `data` VALUES (617, 'temperature', '25.6', '2020-11-29 13:55:22', 60);
INSERT INTO `data` VALUES (618, 'temperature', '25.2', '2021-03-01 07:24:36', 58);
INSERT INTO `data` VALUES (619, 'temperature', '24.4', '2020-08-07 14:37:12', 59);
INSERT INTO `data` VALUES (620, 'temperature', '26.5', '2020-11-23 22:55:17', 48);
INSERT INTO `data` VALUES (621, 'temperature', '26.1', '2020-08-26 18:30:53', 55);
INSERT INTO `data` VALUES (622, 'temperature', '23.3', '2020-05-31 23:57:57', 57);
INSERT INTO `data` VALUES (623, 'temperature', '26.9', '2020-12-09 23:36:28', 43);
INSERT INTO `data` VALUES (624, 'temperature', '25.8', '2021-06-15 02:55:18', 55);
INSERT INTO `data` VALUES (625, 'temperature', '24.5', '2021-06-06 02:56:55', 66);
INSERT INTO `data` VALUES (626, 'temperature', '27.3', '2021-06-28 10:39:55', 56);
INSERT INTO `data` VALUES (627, 'temperature', '23.6', '2020-11-22 18:36:48', 63);
INSERT INTO `data` VALUES (628, 'temperature', '27.3', '2020-12-29 02:33:30', 48);
INSERT INTO `data` VALUES (629, 'temperature', '25.6', '2020-07-03 14:54:03', 60);
INSERT INTO `data` VALUES (630, 'temperature', '26', '2020-05-27 22:27:06', 46);
INSERT INTO `data` VALUES (631, 'temperature', '24.3', '2021-05-03 15:04:28', 38);
INSERT INTO `data` VALUES (632, 'temperature', '24.7', '2020-06-29 04:29:09', 62);
INSERT INTO `data` VALUES (633, 'temperature', '29.2', '2020-05-29 03:18:44', 42);
INSERT INTO `data` VALUES (634, 'temperature', '23.6', '2021-04-17 06:49:25', 58);
INSERT INTO `data` VALUES (635, 'temperature', '27.2', '2020-10-09 03:43:42', 65);
INSERT INTO `data` VALUES (636, 'temperature', '24.4', '2021-05-04 17:38:44', 50);
INSERT INTO `data` VALUES (637, 'temperature', '25', '2021-05-27 08:12:57', 46);
INSERT INTO `data` VALUES (638, 'temperature', '22.9', '2020-05-11 16:12:58', 42);
INSERT INTO `data` VALUES (639, 'temperature', '22.8', '2020-05-26 18:27:17', 50);
INSERT INTO `data` VALUES (640, 'temperature', '28.6', '2021-01-04 08:54:02', 51);
INSERT INTO `data` VALUES (641, 'temperature', '25.9', '2021-06-01 15:43:16', 65);
INSERT INTO `data` VALUES (642, 'temperature', '26.5', '2020-08-06 10:38:43', 47);
INSERT INTO `data` VALUES (643, 'temperature', '24', '2021-06-09 11:02:43', 65);
INSERT INTO `data` VALUES (644, 'temperature', '25.3', '2020-07-25 08:57:10', 57);
INSERT INTO `data` VALUES (645, 'temperature', '25.6', '2021-05-02 11:58:35', 54);
INSERT INTO `data` VALUES (646, 'temperature', '25.1', '2021-01-21 06:14:34', 61);
INSERT INTO `data` VALUES (647, 'temperature', '26.8', '2020-11-02 09:05:39', 36);
INSERT INTO `data` VALUES (648, 'temperature', '24.4', '2020-05-05 12:59:05', 63);
INSERT INTO `data` VALUES (649, 'temperature', '20.4', '2020-10-02 05:10:32', 46);
INSERT INTO `data` VALUES (650, 'temperature', '23.9', '2020-08-29 03:57:56', 39);
INSERT INTO `data` VALUES (651, 'temperature', '21.5', '2021-06-23 09:59:49', 38);
INSERT INTO `data` VALUES (652, 'temperature', '32', '2021-05-09 08:03:01', 66);
INSERT INTO `data` VALUES (653, 'temperature', '24.8', '2021-03-02 05:13:33', 58);
INSERT INTO `data` VALUES (654, 'temperature', '20.7', '2021-04-11 15:31:53', 47);
INSERT INTO `data` VALUES (655, 'temperature', '30.3', '2020-12-16 17:49:53', 52);
INSERT INTO `data` VALUES (656, 'temperature', '26.8', '2020-10-27 08:28:01', 55);
INSERT INTO `data` VALUES (657, 'temperature', '24.8', '2021-02-07 01:52:10', 44);
INSERT INTO `data` VALUES (658, 'temperature', '26.4', '2020-09-05 17:31:11', 49);
INSERT INTO `data` VALUES (659, 'temperature', '25.4', '2020-05-13 05:11:57', 51);
INSERT INTO `data` VALUES (660, 'temperature', '27.7', '2020-05-05 09:53:10', 66);
INSERT INTO `data` VALUES (661, 'temperature', '22.4', '2021-04-19 13:42:28', 35);
INSERT INTO `data` VALUES (662, 'temperature', '24.1', '2020-07-20 14:20:38', 49);
INSERT INTO `data` VALUES (663, 'temperature', '23.7', '2021-03-22 16:44:26', 41);
INSERT INTO `data` VALUES (664, 'temperature', '22.8', '2020-07-02 13:30:37', 42);
INSERT INTO `data` VALUES (665, 'temperature', '26.7', '2020-12-26 08:17:32', 55);
INSERT INTO `data` VALUES (666, 'temperature', '22.2', '2021-01-03 10:41:03', 34);
INSERT INTO `data` VALUES (667, 'temperature', '29.3', '2021-06-18 02:53:14', 56);
INSERT INTO `data` VALUES (668, 'temperature', '25', '2020-08-15 06:34:22', 58);
INSERT INTO `data` VALUES (669, 'temperature', '23.8', '2020-10-23 05:55:49', 60);
INSERT INTO `data` VALUES (670, 'temperature', '22.2', '2021-01-30 00:47:31', 39);
INSERT INTO `data` VALUES (671, 'temperature', '26.6', '2020-12-02 06:13:27', 56);
INSERT INTO `data` VALUES (672, 'temperature', '26.8', '2020-10-21 10:47:14', 65);
INSERT INTO `data` VALUES (673, 'temperature', '23.8', '2021-04-12 08:18:00', 40);
INSERT INTO `data` VALUES (674, 'temperature', '27.6', '2020-07-15 18:05:24', 57);
INSERT INTO `data` VALUES (675, 'temperature', '28.4', '2021-01-22 18:11:09', 40);
INSERT INTO `data` VALUES (676, 'temperature', '23.6', '2021-01-30 13:06:16', 34);
INSERT INTO `data` VALUES (677, 'temperature', '22.5', '2021-04-20 01:34:28', 43);
INSERT INTO `data` VALUES (678, 'temperature', '24.3', '2020-08-04 16:03:00', 56);
INSERT INTO `data` VALUES (679, 'temperature', '29.5', '2021-01-20 05:55:37', 53);
INSERT INTO `data` VALUES (680, 'temperature', '23.9', '2020-08-20 03:18:28', 35);
INSERT INTO `data` VALUES (681, 'temperature', '25.1', '2020-11-27 23:08:46', 51);
INSERT INTO `data` VALUES (682, 'temperature', '24.8', '2021-05-27 06:45:54', 35);
INSERT INTO `data` VALUES (683, 'temperature', '25.5', '2021-01-16 15:38:03', 47);
INSERT INTO `data` VALUES (684, 'temperature', '22.4', '2020-10-24 04:19:27', 61);
INSERT INTO `data` VALUES (685, 'temperature', '22.4', '2020-12-22 09:15:22', 37);
INSERT INTO `data` VALUES (686, 'temperature', '24.7', '2020-05-27 08:32:08', 43);
INSERT INTO `data` VALUES (687, 'temperature', '24.1', '2021-01-04 20:12:14', 49);
INSERT INTO `data` VALUES (688, 'temperature', '26.3', '2021-02-05 19:37:28', 53);
INSERT INTO `data` VALUES (689, 'temperature', '21.6', '2021-03-01 08:54:53', 44);
INSERT INTO `data` VALUES (690, 'temperature', '20', '2021-02-26 06:00:55', 66);
INSERT INTO `data` VALUES (691, 'temperature', '26.5', '2020-08-26 23:13:23', 64);
INSERT INTO `data` VALUES (692, 'temperature', '24.5', '2020-10-22 03:12:36', 35);
INSERT INTO `data` VALUES (693, 'temperature', '26.3', '2021-06-18 14:09:04', 47);
INSERT INTO `data` VALUES (694, 'temperature', '24.7', '2021-06-04 02:36:57', 39);
INSERT INTO `data` VALUES (695, 'temperature', '23.2', '2021-01-13 16:14:51', 58);
INSERT INTO `data` VALUES (696, 'temperature', '26.9', '2020-10-05 16:19:52', 64);
INSERT INTO `data` VALUES (697, 'temperature', '24', '2021-04-08 00:09:58', 65);
INSERT INTO `data` VALUES (698, 'temperature', '24.8', '2020-10-29 22:48:25', 52);
INSERT INTO `data` VALUES (699, 'temperature', '29.8', '2021-02-24 07:14:21', 60);
INSERT INTO `data` VALUES (700, 'temperature', '24.7', '2021-06-16 23:22:09', 50);
INSERT INTO `data` VALUES (701, 'temperature', '26.9', '2021-05-15 20:01:45', 46);
INSERT INTO `data` VALUES (702, 'temperature', '29.2', '2020-08-20 19:38:04', 59);
INSERT INTO `data` VALUES (703, 'temperature', '23.8', '2021-03-10 17:21:11', 42);
INSERT INTO `data` VALUES (704, 'temperature', '24.7', '2020-05-31 14:50:59', 42);
INSERT INTO `data` VALUES (705, 'temperature', '21', '2020-06-20 09:59:43', 60);
INSERT INTO `data` VALUES (706, 'temperature', '21.8', '2020-07-06 21:02:30', 63);
INSERT INTO `data` VALUES (707, 'temperature', '22.7', '2021-06-27 05:14:12', 42);
INSERT INTO `data` VALUES (708, 'temperature', '23.1', '2020-10-21 13:05:48', 57);
INSERT INTO `data` VALUES (709, 'temperature', '26', '2020-11-05 05:53:51', 65);
INSERT INTO `data` VALUES (710, 'temperature', '22.2', '2020-11-11 09:54:29', 63);
INSERT INTO `data` VALUES (711, 'temperature', '25.8', '2020-08-14 10:49:52', 39);
INSERT INTO `data` VALUES (712, 'temperature', '27.2', '2021-05-29 03:48:08', 44);
INSERT INTO `data` VALUES (713, 'temperature', '28', '2021-06-07 04:32:48', 46);
INSERT INTO `data` VALUES (714, 'temperature', '30.3', '2021-01-16 00:32:59', 48);
INSERT INTO `data` VALUES (715, 'temperature', '27.9', '2020-07-19 14:39:30', 47);
INSERT INTO `data` VALUES (716, 'temperature', '30.1', '2020-09-05 18:44:58', 55);
INSERT INTO `data` VALUES (717, 'temperature', '27.3', '2021-04-30 15:29:57', 61);
INSERT INTO `data` VALUES (718, 'temperature', '25.3', '2020-06-29 17:38:53', 58);
INSERT INTO `data` VALUES (719, 'temperature', '20.8', '2020-07-26 10:01:07', 40);
INSERT INTO `data` VALUES (720, 'temperature', '23.7', '2020-11-11 05:42:03', 52);
INSERT INTO `data` VALUES (721, 'temperature', '27', '2021-01-17 04:29:17', 58);
INSERT INTO `data` VALUES (722, 'temperature', '25.9', '2020-10-28 16:00:56', 37);
INSERT INTO `data` VALUES (723, 'temperature', '26.6', '2021-01-04 03:18:51', 49);
INSERT INTO `data` VALUES (724, 'temperature', '22', '2020-08-14 21:48:53', 57);
INSERT INTO `data` VALUES (725, 'temperature', '23.8', '2020-10-27 07:59:38', 61);
INSERT INTO `data` VALUES (726, 'temperature', '27.6', '2020-07-14 11:11:30', 55);
INSERT INTO `data` VALUES (727, 'temperature', '20.3', '2020-10-01 13:47:34', 39);
INSERT INTO `data` VALUES (728, 'temperature', '27.7', '2021-03-22 06:51:08', 44);
INSERT INTO `data` VALUES (729, 'temperature', '19.1', '2020-11-08 13:11:46', 56);
INSERT INTO `data` VALUES (730, 'temperature', '18.5', '2020-10-29 09:04:42', 37);
INSERT INTO `data` VALUES (731, 'temperature', '27', '2021-05-18 13:40:28', 36);
INSERT INTO `data` VALUES (732, 'temperature', '28.1', '2020-06-02 23:24:04', 40);
INSERT INTO `data` VALUES (733, 'temperature', '25.4', '2020-09-23 14:48:27', 41);
INSERT INTO `data` VALUES (734, 'temperature', '23.2', '2020-11-02 18:14:07', 36);
INSERT INTO `data` VALUES (735, 'temperature', '23.8', '2020-08-18 09:51:46', 38);
INSERT INTO `data` VALUES (736, 'temperature', '26.4', '2020-11-23 11:35:48', 64);
INSERT INTO `data` VALUES (737, 'temperature', '25.2', '2021-04-27 23:42:41', 64);
INSERT INTO `data` VALUES (738, 'temperature', '21.5', '2021-01-28 14:07:50', 59);
INSERT INTO `data` VALUES (739, 'temperature', '29.1', '2021-05-22 09:51:26', 63);
INSERT INTO `data` VALUES (740, 'temperature', '18.8', '2020-10-21 12:35:07', 48);
INSERT INTO `data` VALUES (741, 'temperature', '26.6', '2020-07-02 03:37:02', 40);
INSERT INTO `data` VALUES (742, 'temperature', '27.8', '2020-08-23 06:32:02', 65);
INSERT INTO `data` VALUES (743, 'temperature', '31.6', '2021-01-18 00:13:46', 65);
INSERT INTO `data` VALUES (744, 'temperature', '23.3', '2020-12-25 10:52:11', 43);
INSERT INTO `data` VALUES (745, 'temperature', '27.4', '2020-10-24 15:49:34', 58);
INSERT INTO `data` VALUES (746, 'temperature', '28.7', '2020-07-17 16:27:53', 63);
INSERT INTO `data` VALUES (747, 'temperature', '26', '2020-10-20 00:08:37', 58);
INSERT INTO `data` VALUES (748, 'temperature', '24.1', '2021-03-20 18:30:39', 44);
INSERT INTO `data` VALUES (749, 'temperature', '26.3', '2020-09-18 15:52:14', 64);
INSERT INTO `data` VALUES (750, 'temperature', '23.2', '2021-06-24 07:30:46', 54);
INSERT INTO `data` VALUES (751, 'temperature', '21.1', '2021-05-05 13:56:56', 53);
INSERT INTO `data` VALUES (752, 'temperature', '27.3', '2021-05-12 09:20:01', 41);
INSERT INTO `data` VALUES (753, 'temperature', '29', '2020-05-20 04:45:42', 61);
INSERT INTO `data` VALUES (754, 'temperature', '25.4', '2021-03-07 22:58:36', 38);
INSERT INTO `data` VALUES (755, 'temperature', '25.3', '2020-12-07 14:56:58', 52);
INSERT INTO `data` VALUES (756, 'temperature', '24.4', '2020-05-06 18:39:46', 64);
INSERT INTO `data` VALUES (757, 'temperature', '25.4', '2020-10-22 02:59:01', 50);
INSERT INTO `data` VALUES (758, 'temperature', '28', '2020-06-16 07:47:59', 44);
INSERT INTO `data` VALUES (759, 'temperature', '23', '2021-01-15 21:38:32', 61);
INSERT INTO `data` VALUES (760, 'temperature', '26.6', '2021-05-13 18:28:47', 38);
INSERT INTO `data` VALUES (761, 'temperature', '25.6', '2020-09-10 01:05:34', 38);
INSERT INTO `data` VALUES (762, 'temperature', '22.8', '2020-05-03 15:54:58', 54);
INSERT INTO `data` VALUES (763, 'temperature', '24.5', '2020-06-21 12:52:22', 37);
INSERT INTO `data` VALUES (764, 'temperature', '22.4', '2020-10-15 22:14:05', 46);
INSERT INTO `data` VALUES (765, 'temperature', '23.1', '2021-02-15 11:39:11', 36);
INSERT INTO `data` VALUES (766, 'temperature', '27.3', '2021-07-01 11:51:36', 54);
INSERT INTO `data` VALUES (767, 'temperature', '23.2', '2021-03-24 08:11:19', 43);
INSERT INTO `data` VALUES (768, 'temperature', '24.3', '2021-02-06 03:40:24', 46);
INSERT INTO `data` VALUES (769, 'temperature', '23.2', '2020-06-24 00:54:32', 52);
INSERT INTO `data` VALUES (770, 'temperature', '29.2', '2021-06-28 21:05:43', 37);
INSERT INTO `data` VALUES (771, 'temperature', '26.4', '2020-08-11 14:12:43', 40);
INSERT INTO `data` VALUES (772, 'temperature', '23.6', '2020-05-13 04:30:43', 46);
INSERT INTO `data` VALUES (773, 'temperature', '28.2', '2021-04-25 23:23:19', 46);
INSERT INTO `data` VALUES (774, 'temperature', '25.4', '2020-12-21 00:21:34', 44);
INSERT INTO `data` VALUES (775, 'temperature', '25.7', '2020-11-06 04:07:49', 40);
INSERT INTO `data` VALUES (776, 'temperature', '24.1', '2020-10-24 22:35:21', 53);
INSERT INTO `data` VALUES (777, 'temperature', '24.9', '2020-11-02 04:19:59', 39);
INSERT INTO `data` VALUES (778, 'temperature', '26.5', '2020-12-29 02:32:55', 34);
INSERT INTO `data` VALUES (779, 'temperature', '24.1', '2021-06-24 09:20:12', 46);
INSERT INTO `data` VALUES (780, 'temperature', '22.4', '2021-01-24 09:22:15', 56);
INSERT INTO `data` VALUES (781, 'temperature', '23.3', '2020-06-30 03:42:40', 45);
INSERT INTO `data` VALUES (782, 'temperature', '28', '2020-10-13 06:53:55', 66);
INSERT INTO `data` VALUES (783, 'temperature', '27.3', '2021-04-06 21:01:51', 37);
INSERT INTO `data` VALUES (784, 'temperature', '31.5', '2021-03-31 01:18:49', 60);
INSERT INTO `data` VALUES (785, 'temperature', '24.7', '2020-12-12 03:47:12', 55);
INSERT INTO `data` VALUES (786, 'temperature', '27.2', '2020-09-26 04:00:46', 60);
INSERT INTO `data` VALUES (787, 'temperature', '24.4', '2020-09-03 17:12:00', 35);
INSERT INTO `data` VALUES (788, 'temperature', '22.9', '2020-06-18 19:06:45', 44);
INSERT INTO `data` VALUES (789, 'temperature', '23.6', '2020-05-22 01:39:21', 51);
INSERT INTO `data` VALUES (790, 'temperature', '27.6', '2021-03-02 11:03:32', 37);
INSERT INTO `data` VALUES (791, 'temperature', '21.5', '2021-01-31 08:38:40', 34);
INSERT INTO `data` VALUES (792, 'temperature', '24.2', '2020-09-18 16:39:22', 40);
INSERT INTO `data` VALUES (793, 'temperature', '23.8', '2020-12-23 16:00:22', 36);
INSERT INTO `data` VALUES (794, 'temperature', '24.7', '2021-04-07 23:59:25', 35);
INSERT INTO `data` VALUES (795, 'temperature', '25.6', '2021-04-19 04:19:04', 65);
INSERT INTO `data` VALUES (796, 'temperature', '22.9', '2020-08-21 18:55:15', 36);
INSERT INTO `data` VALUES (797, 'temperature', '23.7', '2021-04-22 14:23:33', 39);
INSERT INTO `data` VALUES (798, 'temperature', '25.5', '2021-05-24 16:02:01', 34);
INSERT INTO `data` VALUES (799, 'temperature', '27.4', '2021-04-15 13:05:22', 50);
INSERT INTO `data` VALUES (800, 'temperature', '28.8', '2021-01-09 10:53:41', 50);
INSERT INTO `data` VALUES (801, 'temperature', '24.8', '2021-05-20 09:45:11', 49);
INSERT INTO `data` VALUES (802, 'temperature', '28', '2021-05-03 01:22:09', 40);
INSERT INTO `data` VALUES (803, 'temperature', '23.4', '2021-05-22 15:05:00', 54);
INSERT INTO `data` VALUES (804, 'temperature', '26.5', '2020-12-08 19:52:54', 34);
INSERT INTO `data` VALUES (805, 'temperature', '24.7', '2020-12-21 17:46:08', 40);
INSERT INTO `data` VALUES (806, 'temperature', '28.3', '2020-06-15 18:39:57', 34);
INSERT INTO `data` VALUES (807, 'temperature', '27', '2021-04-26 14:13:57', 50);
INSERT INTO `data` VALUES (808, 'temperature', '21.9', '2020-09-17 10:36:34', 62);
INSERT INTO `data` VALUES (809, 'temperature', '27.1', '2020-12-06 23:13:07', 46);
INSERT INTO `data` VALUES (810, 'temperature', '32.4', '2020-10-09 15:24:46', 41);
INSERT INTO `data` VALUES (811, 'temperature', '24', '2021-02-07 11:18:47', 46);
INSERT INTO `data` VALUES (812, 'temperature', '21.9', '2021-04-18 00:03:44', 54);
INSERT INTO `data` VALUES (813, 'temperature', '27.3', '2020-08-13 07:35:47', 38);
INSERT INTO `data` VALUES (814, 'temperature', '25.4', '2020-09-19 04:58:18', 63);
INSERT INTO `data` VALUES (815, 'temperature', '25.4', '2021-03-13 23:10:26', 62);
INSERT INTO `data` VALUES (816, 'temperature', '24.7', '2020-10-28 10:03:38', 66);
INSERT INTO `data` VALUES (817, 'temperature', '24.4', '2020-07-22 08:11:46', 50);
INSERT INTO `data` VALUES (818, 'temperature', '25.2', '2021-05-01 06:01:44', 36);
INSERT INTO `data` VALUES (819, 'temperature', '28.3', '2020-12-28 11:43:33', 49);
INSERT INTO `data` VALUES (820, 'temperature', '27', '2021-06-03 20:50:51', 37);
INSERT INTO `data` VALUES (821, 'temperature', '22', '2020-11-19 05:09:39', 36);
INSERT INTO `data` VALUES (822, 'temperature', '24.9', '2020-08-06 12:22:08', 63);
INSERT INTO `data` VALUES (823, 'temperature', '23.5', '2021-06-22 20:10:21', 58);
INSERT INTO `data` VALUES (824, 'temperature', '25.9', '2021-04-03 10:46:06', 37);
INSERT INTO `data` VALUES (825, 'temperature', '28.6', '2020-08-19 17:44:10', 41);
INSERT INTO `data` VALUES (826, 'temperature', '19.6', '2021-06-10 05:19:17', 53);
INSERT INTO `data` VALUES (827, 'temperature', '24.4', '2021-05-04 22:54:41', 63);
INSERT INTO `data` VALUES (828, 'temperature', '22.7', '2020-05-05 08:05:45', 38);
INSERT INTO `data` VALUES (829, 'temperature', '25.5', '2020-11-06 11:03:09', 54);
INSERT INTO `data` VALUES (830, 'temperature', '22.2', '2020-09-05 06:04:56', 42);
INSERT INTO `data` VALUES (831, 'temperature', '28.5', '2020-12-05 21:13:16', 40);
INSERT INTO `data` VALUES (832, 'temperature', '28.9', '2021-03-15 13:31:20', 54);
INSERT INTO `data` VALUES (833, 'temperature', '22.8', '2020-06-26 05:00:38', 49);
INSERT INTO `data` VALUES (834, 'temperature', '18.2', '2021-04-04 09:50:28', 44);
INSERT INTO `data` VALUES (835, 'temperature', '25.5', '2021-04-25 22:19:08', 51);
INSERT INTO `data` VALUES (836, 'temperature', '26.4', '2020-07-10 03:45:32', 35);
INSERT INTO `data` VALUES (837, 'temperature', '25.9', '2021-05-07 19:47:38', 60);
INSERT INTO `data` VALUES (838, 'temperature', '29', '2020-11-27 17:47:59', 45);
INSERT INTO `data` VALUES (839, 'temperature', '20.1', '2021-06-23 11:13:05', 62);
INSERT INTO `data` VALUES (840, 'temperature', '23.4', '2020-11-18 03:05:07', 40);
INSERT INTO `data` VALUES (841, 'temperature', '23.7', '2021-06-02 18:08:58', 59);
INSERT INTO `data` VALUES (842, 'temperature', '27.1', '2020-11-28 06:17:54', 40);
INSERT INTO `data` VALUES (843, 'temperature', '24.4', '2021-05-03 11:39:01', 56);
INSERT INTO `data` VALUES (844, 'temperature', '25.7', '2021-04-06 18:30:32', 57);
INSERT INTO `data` VALUES (845, 'temperature', '24.4', '2021-06-25 20:57:35', 35);
INSERT INTO `data` VALUES (846, 'temperature', '26.8', '2020-11-04 17:16:39', 66);
INSERT INTO `data` VALUES (847, 'temperature', '27.7', '2020-07-14 03:57:34', 37);
INSERT INTO `data` VALUES (848, 'temperature', '27', '2020-06-11 17:46:26', 63);
INSERT INTO `data` VALUES (849, 'temperature', '26', '2020-09-17 01:26:29', 46);
INSERT INTO `data` VALUES (850, 'temperature', '21.2', '2020-06-26 14:17:40', 56);
INSERT INTO `data` VALUES (851, 'temperature', '26.1', '2020-08-02 06:20:29', 58);
INSERT INTO `data` VALUES (852, 'temperature', '29.1', '2020-09-25 20:24:13', 49);
INSERT INTO `data` VALUES (853, 'temperature', '23.9', '2021-06-22 14:07:46', 52);
INSERT INTO `data` VALUES (854, 'temperature', '25.1', '2020-09-14 02:41:15', 45);
INSERT INTO `data` VALUES (855, 'temperature', '28.7', '2020-05-10 03:45:33', 49);
INSERT INTO `data` VALUES (856, 'temperature', '23', '2020-09-11 21:21:25', 36);
INSERT INTO `data` VALUES (857, 'temperature', '28.1', '2020-11-05 22:11:06', 43);
INSERT INTO `data` VALUES (858, 'temperature', '27.2', '2021-05-12 18:36:28', 49);
INSERT INTO `data` VALUES (859, 'temperature', '26.2', '2020-05-05 15:25:14', 50);
INSERT INTO `data` VALUES (860, 'temperature', '23.4', '2021-01-29 19:30:54', 47);
INSERT INTO `data` VALUES (861, 'temperature', '23.5', '2020-08-04 08:00:00', 58);
INSERT INTO `data` VALUES (862, 'temperature', '25.6', '2020-07-08 07:27:54', 37);
INSERT INTO `data` VALUES (863, 'temperature', '22', '2020-07-04 18:55:18', 64);
INSERT INTO `data` VALUES (864, 'temperature', '29.7', '2020-11-15 23:59:18', 42);
INSERT INTO `data` VALUES (865, 'temperature', '22.6', '2021-03-06 11:05:54', 39);
INSERT INTO `data` VALUES (866, 'temperature', '25.2', '2020-06-24 21:42:01', 47);
INSERT INTO `data` VALUES (867, 'temperature', '24.6', '2021-02-26 06:03:46', 55);
INSERT INTO `data` VALUES (868, 'temperature', '27.9', '2021-04-26 18:09:05', 61);
INSERT INTO `data` VALUES (869, 'temperature', '23.3', '2020-09-17 18:10:59', 48);
INSERT INTO `data` VALUES (870, 'temperature', '23.6', '2020-11-17 09:27:38', 41);
INSERT INTO `data` VALUES (871, 'temperature', '25', '2021-06-02 18:29:14', 46);
INSERT INTO `data` VALUES (872, 'temperature', '28', '2020-12-12 05:20:30', 53);
INSERT INTO `data` VALUES (873, 'temperature', '20.2', '2021-06-25 20:06:59', 57);
INSERT INTO `data` VALUES (874, 'temperature', '26.1', '2020-12-16 17:52:07', 34);
INSERT INTO `data` VALUES (875, 'temperature', '23', '2020-08-08 15:46:02', 65);
INSERT INTO `data` VALUES (876, 'temperature', '25.6', '2020-10-29 03:38:36', 39);
INSERT INTO `data` VALUES (877, 'temperature', '22.3', '2020-09-18 07:25:52', 38);
INSERT INTO `data` VALUES (878, 'temperature', '21.9', '2020-07-19 21:58:37', 53);
INSERT INTO `data` VALUES (879, 'temperature', '20.6', '2020-12-02 12:51:20', 37);
INSERT INTO `data` VALUES (880, 'temperature', '22.8', '2020-07-11 10:13:12', 44);
INSERT INTO `data` VALUES (881, 'temperature', '23.6', '2020-08-03 21:16:54', 40);
INSERT INTO `data` VALUES (882, 'temperature', '24.2', '2020-09-24 09:59:36', 44);
INSERT INTO `data` VALUES (883, 'temperature', '26.4', '2021-07-01 13:22:25', 64);
INSERT INTO `data` VALUES (884, 'temperature', '27.5', '2020-06-04 18:46:31', 61);
INSERT INTO `data` VALUES (885, 'temperature', '23.9', '2020-07-31 12:47:14', 57);
INSERT INTO `data` VALUES (886, 'temperature', '25', '2021-03-04 21:28:12', 52);
INSERT INTO `data` VALUES (887, 'temperature', '21.5', '2020-07-19 06:35:23', 51);
INSERT INTO `data` VALUES (888, 'temperature', '22.6', '2021-03-19 02:45:22', 65);
INSERT INTO `data` VALUES (889, 'temperature', '28.9', '2021-03-16 00:24:37', 56);
INSERT INTO `data` VALUES (890, 'temperature', '25.5', '2021-04-25 14:16:20', 46);
INSERT INTO `data` VALUES (891, 'temperature', '21.9', '2020-05-20 23:48:37', 49);
INSERT INTO `data` VALUES (892, 'temperature', '28.5', '2021-01-09 14:00:14', 61);
INSERT INTO `data` VALUES (893, 'temperature', '27.5', '2020-09-01 21:43:48', 37);
INSERT INTO `data` VALUES (894, 'temperature', '24.9', '2020-06-06 17:26:30', 43);
INSERT INTO `data` VALUES (895, 'temperature', '24.4', '2021-03-12 15:20:35', 47);
INSERT INTO `data` VALUES (896, 'temperature', '27.2', '2020-12-05 06:33:02', 42);
INSERT INTO `data` VALUES (897, 'temperature', '23.1', '2021-05-09 15:58:30', 57);
INSERT INTO `data` VALUES (898, 'temperature', '19.3', '2020-05-23 08:08:27', 61);
INSERT INTO `data` VALUES (899, 'temperature', '26.2', '2020-11-25 12:56:46', 34);
INSERT INTO `data` VALUES (900, 'temperature', '24.4', '2020-10-16 08:30:18', 65);
INSERT INTO `data` VALUES (901, 'temperature', '27.8', '2021-04-15 02:24:21', 50);
INSERT INTO `data` VALUES (902, 'temperature', '27.6', '2021-05-06 00:13:48', 34);
INSERT INTO `data` VALUES (903, 'temperature', '22.2', '2020-10-20 01:23:17', 37);
INSERT INTO `data` VALUES (904, 'temperature', '20.6', '2020-10-16 23:13:05', 53);
INSERT INTO `data` VALUES (905, 'temperature', '28.3', '2020-06-25 19:58:00', 53);
INSERT INTO `data` VALUES (906, 'temperature', '29.5', '2020-11-23 06:26:44', 58);
INSERT INTO `data` VALUES (907, 'temperature', '27.1', '2021-03-25 02:38:18', 57);
INSERT INTO `data` VALUES (908, 'temperature', '27.1', '2020-08-28 13:36:01', 66);
INSERT INTO `data` VALUES (909, 'temperature', '25.7', '2021-02-28 17:59:09', 57);
INSERT INTO `data` VALUES (910, 'temperature', '27.3', '2020-07-13 18:53:43', 56);
INSERT INTO `data` VALUES (911, 'temperature', '24.1', '2021-03-02 19:02:28', 51);
INSERT INTO `data` VALUES (912, 'temperature', '24.3', '2020-07-05 20:09:11', 61);
INSERT INTO `data` VALUES (913, 'temperature', '25.1', '2020-09-16 22:20:25', 58);
INSERT INTO `data` VALUES (914, 'temperature', '21.3', '2020-10-10 19:59:40', 65);
INSERT INTO `data` VALUES (915, 'temperature', '25.5', '2020-11-05 11:53:40', 62);
INSERT INTO `data` VALUES (916, 'temperature', '26.3', '2021-05-29 12:04:54', 44);
INSERT INTO `data` VALUES (917, 'temperature', '22.4', '2021-06-03 02:51:18', 48);
INSERT INTO `data` VALUES (918, 'temperature', '27.6', '2020-11-18 00:22:29', 57);
INSERT INTO `data` VALUES (919, 'temperature', '27', '2020-12-22 16:14:29', 58);
INSERT INTO `data` VALUES (920, 'temperature', '27.6', '2020-12-09 06:35:23', 41);
INSERT INTO `data` VALUES (921, 'temperature', '23.2', '2020-09-19 09:58:26', 54);
INSERT INTO `data` VALUES (922, 'temperature', '24.3', '2020-08-31 18:09:33', 65);
INSERT INTO `data` VALUES (923, 'temperature', '27.3', '2020-05-13 12:52:42', 56);
INSERT INTO `data` VALUES (924, 'temperature', '23.2', '2020-05-04 23:52:09', 55);
INSERT INTO `data` VALUES (925, 'temperature', '25', '2020-07-13 19:31:30', 48);
INSERT INTO `data` VALUES (926, 'temperature', '23.6', '2020-09-18 08:16:16', 64);
INSERT INTO `data` VALUES (927, 'temperature', '23.5', '2021-05-09 01:53:55', 63);
INSERT INTO `data` VALUES (928, 'temperature', '22.8', '2021-03-08 06:48:49', 60);
INSERT INTO `data` VALUES (929, 'temperature', '26', '2020-06-04 07:49:28', 46);
INSERT INTO `data` VALUES (930, 'temperature', '22.4', '2021-05-05 00:26:53', 66);
INSERT INTO `data` VALUES (931, 'temperature', '25.7', '2020-06-09 07:17:03', 35);
INSERT INTO `data` VALUES (932, 'temperature', '29.1', '2020-10-02 23:03:49', 66);
INSERT INTO `data` VALUES (933, 'temperature', '25.1', '2020-11-15 10:32:48', 54);
INSERT INTO `data` VALUES (934, 'temperature', '23.8', '2021-05-03 00:38:50', 59);
INSERT INTO `data` VALUES (935, 'temperature', '26.4', '2020-09-11 21:39:27', 62);
INSERT INTO `data` VALUES (936, 'temperature', '33.4', '2020-05-19 01:22:29', 53);
INSERT INTO `data` VALUES (937, 'temperature', '25.8', '2021-04-27 02:57:28', 40);
INSERT INTO `data` VALUES (938, 'temperature', '24.2', '2021-05-11 16:53:20', 44);
INSERT INTO `data` VALUES (939, 'temperature', '27.2', '2020-11-04 02:46:13', 63);
INSERT INTO `data` VALUES (940, 'temperature', '25.2', '2020-06-14 14:34:48', 55);
INSERT INTO `data` VALUES (941, 'temperature', '26.6', '2020-10-31 07:13:04', 44);
INSERT INTO `data` VALUES (942, 'temperature', '23.1', '2020-09-29 07:42:27', 63);
INSERT INTO `data` VALUES (943, 'temperature', '23.1', '2020-05-05 18:15:08', 39);
INSERT INTO `data` VALUES (944, 'temperature', '26.9', '2021-05-21 14:06:23', 48);
INSERT INTO `data` VALUES (945, 'temperature', '25.2', '2020-12-30 11:30:19', 43);
INSERT INTO `data` VALUES (946, 'temperature', '24.9', '2020-05-09 11:39:06', 56);
INSERT INTO `data` VALUES (947, 'temperature', '28', '2020-07-08 01:03:44', 60);
INSERT INTO `data` VALUES (948, 'temperature', '26.8', '2021-06-01 15:35:45', 64);
INSERT INTO `data` VALUES (949, 'temperature', '30.5', '2020-11-09 06:03:09', 47);
INSERT INTO `data` VALUES (950, 'temperature', '25.8', '2020-10-23 11:25:48', 66);
INSERT INTO `data` VALUES (951, 'temperature', '25.3', '2021-04-22 08:59:58', 58);
INSERT INTO `data` VALUES (952, 'temperature', '25.6', '2020-11-05 03:55:13', 41);
INSERT INTO `data` VALUES (953, 'temperature', '22.6', '2021-01-01 13:31:06', 56);
INSERT INTO `data` VALUES (954, 'temperature', '28.2', '2020-12-25 11:14:47', 54);
INSERT INTO `data` VALUES (955, 'temperature', '21.1', '2020-11-03 15:49:46', 58);
INSERT INTO `data` VALUES (956, 'temperature', '27.5', '2020-07-14 18:08:21', 56);
INSERT INTO `data` VALUES (957, 'temperature', '21.7', '2020-09-29 02:09:07', 56);
INSERT INTO `data` VALUES (958, 'temperature', '26.9', '2020-10-05 05:22:43', 51);
INSERT INTO `data` VALUES (959, 'temperature', '22.5', '2021-01-01 16:04:32', 34);
INSERT INTO `data` VALUES (960, 'temperature', '24', '2021-05-26 07:21:36', 43);
INSERT INTO `data` VALUES (961, 'temperature', '26.3', '2021-06-08 22:01:31', 60);
INSERT INTO `data` VALUES (962, 'temperature', '27.4', '2020-07-25 23:15:00', 41);
INSERT INTO `data` VALUES (963, 'temperature', '22.9', '2020-10-05 18:20:25', 52);
INSERT INTO `data` VALUES (964, 'temperature', '26.9', '2021-01-15 06:00:15', 40);
INSERT INTO `data` VALUES (965, 'temperature', '23.8', '2021-03-01 06:41:05', 46);
INSERT INTO `data` VALUES (966, 'temperature', '26.3', '2021-05-18 01:58:26', 46);
INSERT INTO `data` VALUES (967, 'temperature', '25.5', '2021-05-17 22:41:28', 39);
INSERT INTO `data` VALUES (968, 'temperature', '25.9', '2020-06-14 08:22:52', 40);
INSERT INTO `data` VALUES (969, 'temperature', '28.2', '2021-03-13 17:58:54', 41);
INSERT INTO `data` VALUES (970, 'temperature', '26.2', '2020-05-28 08:54:37', 38);
INSERT INTO `data` VALUES (971, 'temperature', '22.7', '2020-08-29 11:49:50', 65);
INSERT INTO `data` VALUES (972, 'temperature', '27.2', '2021-01-13 02:13:31', 52);
INSERT INTO `data` VALUES (973, 'temperature', '27.3', '2021-05-08 13:38:52', 56);
INSERT INTO `data` VALUES (974, 'temperature', '27', '2021-05-30 20:31:17', 63);
INSERT INTO `data` VALUES (975, 'temperature', '23.3', '2020-09-17 18:42:55', 35);
INSERT INTO `data` VALUES (976, 'temperature', '25.4', '2021-05-05 13:08:10', 64);
INSERT INTO `data` VALUES (977, 'temperature', '23.4', '2021-06-24 12:48:01', 65);
INSERT INTO `data` VALUES (978, 'temperature', '23.3', '2020-08-08 09:39:12', 41);
INSERT INTO `data` VALUES (979, 'temperature', '24.6', '2021-06-24 17:37:47', 54);
INSERT INTO `data` VALUES (980, 'temperature', '20.8', '2021-02-16 21:12:03', 52);
INSERT INTO `data` VALUES (981, 'temperature', '25.4', '2020-06-11 10:42:32', 43);
INSERT INTO `data` VALUES (982, 'temperature', '23.2', '2020-08-11 10:13:47', 64);
INSERT INTO `data` VALUES (983, 'temperature', '21.7', '2021-04-20 00:44:11', 37);
INSERT INTO `data` VALUES (984, 'temperature', '22.3', '2021-01-27 14:40:36', 45);
INSERT INTO `data` VALUES (985, 'temperature', '25.8', '2020-06-27 08:03:05', 66);
INSERT INTO `data` VALUES (986, 'temperature', '25.8', '2021-06-09 23:17:39', 37);
INSERT INTO `data` VALUES (987, 'temperature', '27', '2020-11-03 21:52:44', 61);
INSERT INTO `data` VALUES (988, 'temperature', '28.2', '2020-12-06 11:08:54', 42);
INSERT INTO `data` VALUES (989, 'temperature', '29.4', '2021-05-14 22:25:37', 65);
INSERT INTO `data` VALUES (990, 'temperature', '24.3', '2021-03-04 00:27:36', 63);
INSERT INTO `data` VALUES (991, 'temperature', '26.3', '2020-06-21 18:07:20', 60);
INSERT INTO `data` VALUES (992, 'temperature', '25.4', '2020-05-29 07:40:08', 53);
INSERT INTO `data` VALUES (993, 'temperature', '26', '2021-01-24 13:40:48', 66);
INSERT INTO `data` VALUES (994, 'temperature', '26.2', '2020-11-18 06:01:02', 55);
INSERT INTO `data` VALUES (995, 'temperature', '22.8', '2020-06-08 21:46:18', 34);
INSERT INTO `data` VALUES (996, 'temperature', '21.3', '2020-09-14 11:52:59', 55);
INSERT INTO `data` VALUES (997, 'temperature', '23.6', '2021-06-12 12:45:41', 63);
INSERT INTO `data` VALUES (998, 'temperature', '24.7', '2021-03-27 18:21:18', 64);
INSERT INTO `data` VALUES (999, 'temperature', '28.8', '2020-12-07 23:10:57', 55);
INSERT INTO `data` VALUES (1000, 'temperature', '21.3', '2020-06-20 02:47:53', 41);
INSERT INTO `data` VALUES (1001, 'open', '1', '2020-08-25 22:04:31', 94);
INSERT INTO `data` VALUES (1002, 'open', '0', '2020-05-30 20:07:16', 86);
INSERT INTO `data` VALUES (1003, 'open', '0', '2020-07-23 01:36:00', 90);
INSERT INTO `data` VALUES (1004, 'open', '0', '2021-04-15 20:15:00', 81);
INSERT INTO `data` VALUES (1005, 'open', '1', '2020-06-08 17:55:51', 88);
INSERT INTO `data` VALUES (1006, 'open', '1', '2020-07-26 18:08:42', 79);
INSERT INTO `data` VALUES (1007, 'open', '1', '2020-09-15 13:03:04', 94);
INSERT INTO `data` VALUES (1008, 'open', '1', '2020-05-13 15:51:20', 87);
INSERT INTO `data` VALUES (1009, 'open', '0', '2021-06-20 06:39:59', 68);
INSERT INTO `data` VALUES (1010, 'open', '0', '2021-02-24 20:28:35', 98);
INSERT INTO `data` VALUES (1011, 'open', '0', '2020-07-28 23:04:57', 69);
INSERT INTO `data` VALUES (1012, 'open', '1', '2020-08-26 10:59:38', 93);
INSERT INTO `data` VALUES (1013, 'open', '1', '2021-01-29 14:30:16', 78);
INSERT INTO `data` VALUES (1014, 'open', '1', '2020-10-07 07:55:04', 85);
INSERT INTO `data` VALUES (1015, 'open', '1', '2021-06-25 22:59:26', 91);
INSERT INTO `data` VALUES (1016, 'open', '0', '2020-10-09 12:15:38', 99);
INSERT INTO `data` VALUES (1017, 'open', '1', '2021-04-07 14:17:35', 99);
INSERT INTO `data` VALUES (1018, 'open', '1', '2021-02-07 10:40:14', 68);
INSERT INTO `data` VALUES (1019, 'open', '0', '2021-04-13 12:53:26', 72);
INSERT INTO `data` VALUES (1020, 'open', '0', '2021-02-18 08:06:37', 69);
INSERT INTO `data` VALUES (1021, 'open', '1', '2020-06-17 05:03:28', 73);
INSERT INTO `data` VALUES (1022, 'open', '0', '2021-07-03 07:31:23', 69);
INSERT INTO `data` VALUES (1023, 'open', '0', '2021-02-26 07:10:58', 79);
INSERT INTO `data` VALUES (1024, 'open', '1', '2020-11-30 02:17:01', 81);
INSERT INTO `data` VALUES (1025, 'open', '0', '2020-10-14 08:54:40', 87);
INSERT INTO `data` VALUES (1026, 'open', '1', '2021-04-23 13:50:06', 74);
INSERT INTO `data` VALUES (1027, 'open', '1', '2021-02-23 21:30:17', 86);
INSERT INTO `data` VALUES (1028, 'open', '1', '2020-07-06 23:28:03', 68);
INSERT INTO `data` VALUES (1029, 'open', '0', '2020-12-28 11:23:37', 91);
INSERT INTO `data` VALUES (1030, 'open', '0', '2020-12-29 11:49:53', 78);
INSERT INTO `data` VALUES (1031, 'open', '1', '2020-08-31 05:52:09', 86);
INSERT INTO `data` VALUES (1032, 'open', '1', '2021-06-04 04:44:36', 78);
INSERT INTO `data` VALUES (1033, 'open', '1', '2021-01-16 22:12:14', 89);
INSERT INTO `data` VALUES (1034, 'open', '0', '2020-11-24 06:55:40', 82);
INSERT INTO `data` VALUES (1035, 'open', '1', '2020-06-19 14:51:21', 92);
INSERT INTO `data` VALUES (1036, 'open', '0', '2020-11-19 07:53:10', 68);
INSERT INTO `data` VALUES (1037, 'open', '0', '2020-11-21 11:27:33', 83);
INSERT INTO `data` VALUES (1038, 'open', '0', '2020-07-28 22:02:05', 68);
INSERT INTO `data` VALUES (1039, 'open', '1', '2020-12-05 23:02:47', 76);
INSERT INTO `data` VALUES (1040, 'open', '1', '2020-08-06 22:14:21', 84);
INSERT INTO `data` VALUES (1041, 'open', '1', '2020-11-18 19:32:15', 99);
INSERT INTO `data` VALUES (1042, 'open', '0', '2020-07-21 21:38:43', 93);
INSERT INTO `data` VALUES (1043, 'open', '0', '2021-01-05 07:21:19', 92);
INSERT INTO `data` VALUES (1044, 'open', '0', '2020-05-29 01:58:52', 82);
INSERT INTO `data` VALUES (1045, 'open', '0', '2020-10-27 01:42:26', 88);
INSERT INTO `data` VALUES (1046, 'open', '1', '2020-11-04 01:44:54', 86);
INSERT INTO `data` VALUES (1047, 'open', '1', '2020-11-12 13:12:44', 76);
INSERT INTO `data` VALUES (1048, 'open', '0', '2020-08-15 00:38:16', 98);
INSERT INTO `data` VALUES (1049, 'open', '1', '2020-11-15 11:36:11', 69);
INSERT INTO `data` VALUES (1050, 'open', '1', '2021-05-14 04:28:01', 73);
INSERT INTO `data` VALUES (1051, 'open', '1', '2021-04-09 14:31:28', 96);
INSERT INTO `data` VALUES (1052, 'open', '0', '2020-12-31 07:57:04', 84);
INSERT INTO `data` VALUES (1053, 'open', '0', '2020-11-08 14:31:05', 80);
INSERT INTO `data` VALUES (1054, 'open', '0', '2021-03-01 19:37:07', 79);
INSERT INTO `data` VALUES (1055, 'open', '1', '2020-12-08 00:15:40', 71);
INSERT INTO `data` VALUES (1056, 'open', '0', '2020-08-14 22:36:48', 91);
INSERT INTO `data` VALUES (1057, 'open', '0', '2020-11-24 22:11:54', 91);
INSERT INTO `data` VALUES (1058, 'open', '0', '2020-05-11 11:59:35', 80);
INSERT INTO `data` VALUES (1059, 'open', '1', '2021-03-03 21:39:08', 96);
INSERT INTO `data` VALUES (1060, 'open', '0', '2020-07-03 14:42:37', 83);
INSERT INTO `data` VALUES (1061, 'open', '1', '2020-05-18 00:39:12', 96);
INSERT INTO `data` VALUES (1062, 'open', '1', '2021-05-13 11:39:05', 75);
INSERT INTO `data` VALUES (1063, 'open', '1', '2020-08-23 09:14:45', 86);
INSERT INTO `data` VALUES (1064, 'open', '0', '2020-12-25 11:03:04', 98);
INSERT INTO `data` VALUES (1065, 'open', '0', '2020-11-06 10:31:35', 87);
INSERT INTO `data` VALUES (1066, 'open', '0', '2021-01-03 15:38:43', 78);
INSERT INTO `data` VALUES (1067, 'open', '1', '2021-02-23 03:03:06', 90);
INSERT INTO `data` VALUES (1068, 'open', '0', '2021-06-02 18:37:04', 99);
INSERT INTO `data` VALUES (1069, 'open', '0', '2020-09-01 13:46:05', 97);
INSERT INTO `data` VALUES (1070, 'open', '0', '2021-05-19 22:52:54', 82);
INSERT INTO `data` VALUES (1071, 'open', '0', '2020-08-30 20:49:08', 82);
INSERT INTO `data` VALUES (1072, 'open', '1', '2020-06-03 10:55:17', 88);
INSERT INTO `data` VALUES (1073, 'open', '0', '2021-06-25 14:37:17', 99);
INSERT INTO `data` VALUES (1074, 'open', '1', '2020-11-02 11:18:16', 67);
INSERT INTO `data` VALUES (1075, 'open', '1', '2020-10-08 00:57:46', 73);
INSERT INTO `data` VALUES (1076, 'open', '0', '2020-12-31 13:44:02', 91);
INSERT INTO `data` VALUES (1077, 'open', '1', '2021-01-29 18:38:08', 95);
INSERT INTO `data` VALUES (1078, 'open', '0', '2020-08-21 13:32:56', 90);
INSERT INTO `data` VALUES (1079, 'open', '0', '2020-08-18 11:30:20', 93);
INSERT INTO `data` VALUES (1080, 'open', '1', '2021-05-02 15:47:39', 70);
INSERT INTO `data` VALUES (1081, 'open', '0', '2020-10-07 05:07:48', 71);
INSERT INTO `data` VALUES (1082, 'open', '0', '2021-03-07 04:30:09', 71);
INSERT INTO `data` VALUES (1083, 'open', '1', '2020-06-29 03:27:35', 95);
INSERT INTO `data` VALUES (1084, 'open', '1', '2020-06-02 17:23:25', 96);
INSERT INTO `data` VALUES (1085, 'open', '1', '2020-11-27 21:52:33', 87);
INSERT INTO `data` VALUES (1086, 'open', '0', '2021-01-16 09:15:58', 93);
INSERT INTO `data` VALUES (1087, 'open', '0', '2020-09-01 11:53:14', 73);
INSERT INTO `data` VALUES (1088, 'open', '1', '2020-09-05 04:25:18', 67);
INSERT INTO `data` VALUES (1089, 'open', '1', '2020-11-20 07:39:43', 76);
INSERT INTO `data` VALUES (1090, 'open', '1', '2020-07-01 15:38:48', 74);
INSERT INTO `data` VALUES (1091, 'open', '0', '2021-06-10 09:16:28', 84);
INSERT INTO `data` VALUES (1092, 'open', '0', '2021-04-17 18:28:10', 98);
INSERT INTO `data` VALUES (1093, 'open', '0', '2020-05-22 08:22:43', 69);
INSERT INTO `data` VALUES (1094, 'open', '1', '2020-12-16 02:48:47', 86);
INSERT INTO `data` VALUES (1095, 'open', '0', '2020-06-07 09:51:22', 84);
INSERT INTO `data` VALUES (1096, 'open', '0', '2020-07-22 01:02:40', 73);
INSERT INTO `data` VALUES (1097, 'open', '1', '2021-03-26 10:04:44', 83);
INSERT INTO `data` VALUES (1098, 'open', '0', '2021-01-02 09:30:19', 71);
INSERT INTO `data` VALUES (1099, 'open', '1', '2021-06-26 05:02:14', 90);
INSERT INTO `data` VALUES (1100, 'open', '0', '2021-01-22 05:05:43', 96);
INSERT INTO `data` VALUES (1101, 'open', '1', '2021-06-29 15:07:22', 100);
INSERT INTO `data` VALUES (1102, 'open', '0', '2020-05-27 18:15:46', 79);
INSERT INTO `data` VALUES (1103, 'open', '1', '2021-03-02 11:31:08', 80);
INSERT INTO `data` VALUES (1104, 'open', '1', '2020-10-12 11:08:28', 94);
INSERT INTO `data` VALUES (1105, 'open', '1', '2021-01-16 08:24:42', 95);
INSERT INTO `data` VALUES (1106, 'open', '1', '2020-07-05 01:27:11', 68);
INSERT INTO `data` VALUES (1107, 'open', '1', '2021-07-03 08:28:21', 91);
INSERT INTO `data` VALUES (1108, 'open', '1', '2020-07-15 23:10:07', 77);
INSERT INTO `data` VALUES (1109, 'open', '1', '2020-05-12 17:12:11', 71);
INSERT INTO `data` VALUES (1110, 'open', '1', '2021-04-26 08:36:56', 77);
INSERT INTO `data` VALUES (1111, 'open', '1', '2020-09-29 11:30:51', 72);
INSERT INTO `data` VALUES (1112, 'open', '1', '2020-09-17 15:05:30', 81);
INSERT INTO `data` VALUES (1113, 'open', '0', '2020-09-22 13:10:09', 71);
INSERT INTO `data` VALUES (1114, 'open', '0', '2021-05-08 00:18:54', 73);
INSERT INTO `data` VALUES (1115, 'open', '1', '2020-07-02 19:39:16', 83);
INSERT INTO `data` VALUES (1116, 'open', '1', '2021-03-08 18:52:45', 80);
INSERT INTO `data` VALUES (1117, 'open', '1', '2021-04-12 20:19:29', 84);
INSERT INTO `data` VALUES (1118, 'open', '1', '2021-03-09 08:23:16', 70);
INSERT INTO `data` VALUES (1119, 'open', '0', '2021-06-02 18:44:52', 90);
INSERT INTO `data` VALUES (1120, 'open', '0', '2020-08-02 15:43:03', 98);
INSERT INTO `data` VALUES (1121, 'open', '1', '2021-04-15 17:46:51', 67);
INSERT INTO `data` VALUES (1122, 'open', '0', '2021-01-07 20:29:49', 82);
INSERT INTO `data` VALUES (1123, 'open', '1', '2020-07-13 03:19:13', 77);
INSERT INTO `data` VALUES (1124, 'open', '1', '2020-05-24 22:40:31', 97);
INSERT INTO `data` VALUES (1125, 'open', '1', '2020-09-19 06:55:13', 99);
INSERT INTO `data` VALUES (1126, 'open', '0', '2020-11-03 12:22:38', 88);
INSERT INTO `data` VALUES (1127, 'open', '1', '2021-06-30 05:34:46', 86);
INSERT INTO `data` VALUES (1128, 'open', '0', '2020-12-08 03:57:26', 85);
INSERT INTO `data` VALUES (1129, 'open', '1', '2021-04-29 12:22:29', 90);
INSERT INTO `data` VALUES (1130, 'open', '1', '2021-05-09 15:08:26', 72);
INSERT INTO `data` VALUES (1131, 'open', '0', '2021-02-04 17:18:59', 84);
INSERT INTO `data` VALUES (1132, 'open', '0', '2020-10-18 14:51:10', 100);
INSERT INTO `data` VALUES (1133, 'open', '0', '2020-06-16 03:50:13', 76);
INSERT INTO `data` VALUES (1134, 'open', '1', '2020-06-07 13:12:34', 73);
INSERT INTO `data` VALUES (1135, 'open', '0', '2021-02-15 09:32:22', 87);
INSERT INTO `data` VALUES (1136, 'open', '1', '2020-06-13 21:06:05', 86);
INSERT INTO `data` VALUES (1137, 'open', '0', '2020-09-30 12:59:38', 70);
INSERT INTO `data` VALUES (1138, 'open', '1', '2020-11-24 07:50:21', 98);
INSERT INTO `data` VALUES (1139, 'open', '0', '2020-11-16 16:45:48', 78);
INSERT INTO `data` VALUES (1140, 'open', '0', '2020-09-28 21:19:46', 95);
INSERT INTO `data` VALUES (1141, 'open', '0', '2021-05-23 06:12:31', 69);
INSERT INTO `data` VALUES (1142, 'open', '1', '2020-10-17 18:52:21', 91);
INSERT INTO `data` VALUES (1143, 'open', '1', '2021-05-09 04:15:15', 73);
INSERT INTO `data` VALUES (1144, 'open', '1', '2020-10-06 14:50:07', 75);
INSERT INTO `data` VALUES (1145, 'open', '1', '2021-02-13 06:36:00', 80);
INSERT INTO `data` VALUES (1146, 'open', '0', '2021-04-27 09:46:12', 80);
INSERT INTO `data` VALUES (1147, 'open', '0', '2021-01-12 00:24:41', 70);
INSERT INTO `data` VALUES (1148, 'open', '1', '2021-04-28 06:10:15', 67);
INSERT INTO `data` VALUES (1149, 'open', '1', '2020-05-28 00:02:27', 80);
INSERT INTO `data` VALUES (1150, 'open', '0', '2021-03-23 15:19:30', 67);
INSERT INTO `data` VALUES (1151, 'open', '0', '2021-02-18 18:02:47', 95);
INSERT INTO `data` VALUES (1152, 'open', '0', '2020-09-27 00:44:49', 73);
INSERT INTO `data` VALUES (1153, 'open', '0', '2020-10-01 21:43:35', 91);
INSERT INTO `data` VALUES (1154, 'open', '1', '2021-03-02 01:07:23', 83);
INSERT INTO `data` VALUES (1155, 'open', '0', '2021-02-27 10:19:55', 86);
INSERT INTO `data` VALUES (1156, 'open', '1', '2020-09-04 01:29:51', 83);
INSERT INTO `data` VALUES (1157, 'open', '0', '2021-06-22 05:51:56', 92);
INSERT INTO `data` VALUES (1158, 'open', '0', '2020-06-21 03:07:27', 98);
INSERT INTO `data` VALUES (1159, 'open', '1', '2020-05-31 06:02:06', 69);
INSERT INTO `data` VALUES (1160, 'open', '1', '2020-06-25 22:09:43', 73);
INSERT INTO `data` VALUES (1161, 'open', '0', '2021-02-22 01:50:01', 84);
INSERT INTO `data` VALUES (1162, 'open', '1', '2020-11-18 22:10:10', 95);
INSERT INTO `data` VALUES (1163, 'open', '0', '2021-05-30 10:59:21', 85);
INSERT INTO `data` VALUES (1164, 'open', '0', '2021-07-03 10:39:35', 97);
INSERT INTO `data` VALUES (1165, 'open', '0', '2020-10-10 22:24:09', 90);
INSERT INTO `data` VALUES (1166, 'open', '0', '2020-05-09 11:22:29', 98);
INSERT INTO `data` VALUES (1167, 'open', '0', '2020-10-18 02:39:57', 80);
INSERT INTO `data` VALUES (1168, 'open', '0', '2021-05-11 03:28:59', 74);
INSERT INTO `data` VALUES (1169, 'open', '0', '2021-03-27 22:14:17', 90);
INSERT INTO `data` VALUES (1170, 'open', '0', '2021-02-17 20:31:33', 92);
INSERT INTO `data` VALUES (1171, 'open', '1', '2020-11-17 01:21:25', 75);
INSERT INTO `data` VALUES (1172, 'open', '0', '2021-03-01 22:41:45', 84);
INSERT INTO `data` VALUES (1173, 'open', '1', '2020-12-11 14:30:15', 93);
INSERT INTO `data` VALUES (1174, 'open', '1', '2021-02-08 05:44:10', 93);
INSERT INTO `data` VALUES (1175, 'open', '1', '2020-10-07 01:50:34', 82);
INSERT INTO `data` VALUES (1176, 'open', '1', '2020-09-06 13:57:15', 91);
INSERT INTO `data` VALUES (1177, 'open', '0', '2021-03-09 16:38:52', 82);
INSERT INTO `data` VALUES (1178, 'open', '1', '2021-01-05 10:19:10', 97);
INSERT INTO `data` VALUES (1179, 'open', '1', '2021-05-08 06:14:31', 99);
INSERT INTO `data` VALUES (1180, 'open', '1', '2021-03-07 16:27:35', 78);
INSERT INTO `data` VALUES (1181, 'open', '0', '2021-05-06 13:58:27', 86);
INSERT INTO `data` VALUES (1182, 'open', '1', '2020-11-26 17:35:49', 76);
INSERT INTO `data` VALUES (1183, 'open', '0', '2021-06-25 12:05:58', 70);
INSERT INTO `data` VALUES (1184, 'open', '0', '2020-12-16 22:24:51', 95);
INSERT INTO `data` VALUES (1185, 'open', '1', '2021-05-16 00:11:17', 97);
INSERT INTO `data` VALUES (1186, 'open', '0', '2020-05-12 00:11:52', 78);
INSERT INTO `data` VALUES (1187, 'open', '1', '2021-02-01 10:09:30', 88);
INSERT INTO `data` VALUES (1188, 'open', '0', '2021-05-01 15:07:52', 78);
INSERT INTO `data` VALUES (1189, 'open', '1', '2021-02-09 14:50:07', 89);
INSERT INTO `data` VALUES (1190, 'open', '0', '2021-01-15 15:36:32', 80);
INSERT INTO `data` VALUES (1191, 'open', '1', '2020-09-07 07:04:58', 100);
INSERT INTO `data` VALUES (1192, 'open', '1', '2020-12-05 19:04:58', 80);
INSERT INTO `data` VALUES (1193, 'open', '1', '2021-03-13 23:59:25', 93);
INSERT INTO `data` VALUES (1194, 'open', '0', '2021-03-22 00:49:00', 76);
INSERT INTO `data` VALUES (1195, 'open', '1', '2020-07-25 17:57:37', 73);
INSERT INTO `data` VALUES (1196, 'open', '1', '2020-12-30 15:32:37', 73);
INSERT INTO `data` VALUES (1197, 'open', '1', '2021-03-24 23:00:16', 87);
INSERT INTO `data` VALUES (1198, 'open', '1', '2021-02-02 15:56:03', 70);
INSERT INTO `data` VALUES (1199, 'open', '0', '2021-04-09 18:33:26', 86);
INSERT INTO `data` VALUES (1200, 'open', '0', '2020-05-12 06:46:19', 84);

-- ----------------------------
-- Table structure for device
-- ----------------------------
DROP TABLE IF EXISTS `device`;
CREATE TABLE `device`  (
  `deviceid` int NOT NULL,
  `devicename` varchar(255) CHARACTER SET utf8mb4 COLLATE utf8mb4_0900_ai_ci NOT NULL,
  `description` varchar(255) CHARACTER SET utf8mb4 COLLATE utf8mb4_0900_ai_ci NULL DEFAULT NULL,
  `categoryid` int NOT NULL,
  `familyid` int NOT NULL,
  `companyid` int NOT NULL,
  PRIMARY KEY (`deviceid`) USING BTREE,
  INDEX `fk_device_category_1`(`categoryid`) USING BTREE,
  INDEX `fk_device_family_1`(`familyid`) USING BTREE,
  INDEX `fk_device_company_1`(`companyid`) USING BTREE,
  CONSTRAINT `fk_device_category_1` FOREIGN KEY (`categoryid`) REFERENCES `category` (`categoryid`) ON DELETE RESTRICT ON UPDATE RESTRICT,
  CONSTRAINT `fk_device_company_1` FOREIGN KEY (`companyid`) REFERENCES `company` (`companyid`) ON DELETE RESTRICT ON UPDATE RESTRICT,
  CONSTRAINT `fk_device_family_1` FOREIGN KEY (`familyid`) REFERENCES `family` (`familyid`) ON DELETE RESTRICT ON UPDATE RESTRICT
) ENGINE = InnoDB CHARACTER SET = utf8mb4 COLLATE = utf8mb4_0900_ai_ci ROW_FORMAT = Dynamic;

-- ----------------------------
-- Records of device
-- ----------------------------
INSERT INTO `device` VALUES (1, 'nibh', 'blandit', 1, 26, 2);
INSERT INTO `device` VALUES (2, 'Morbi', 'dis', 1, 28, 5);
INSERT INTO `device` VALUES (3, 'Nulla', 'ipsum', 1, 18, 3);
INSERT INTO `device` VALUES (4, 'eu', 'felis.', 1, 27, 5);
INSERT INTO `device` VALUES (5, 'lorem', 'nonummy', 1, 5, 4);
INSERT INTO `device` VALUES (6, 'nibh', 'dui', 1, 1, 3);
INSERT INTO `device` VALUES (7, 'facilisis', 'rhoncus.', 1, 13, 4);
INSERT INTO `device` VALUES (8, 'vel', 'libero.', 1, 7, 5);
INSERT INTO `device` VALUES (9, 'a', 'vitae', 1, 9, 3);
INSERT INTO `device` VALUES (10, 'massa.', 'Maecenas', 1, 15, 4);
INSERT INTO `device` VALUES (11, 'Ut', 'bibendum', 1, 21, 5);
INSERT INTO `device` VALUES (12, 'ullamcorper.', 'accumsan', 1, 10, 1);
INSERT INTO `device` VALUES (13, 'odio,', 'Mauris', 1, 27, 2);
INSERT INTO `device` VALUES (14, 'ut,', 'Duis', 1, 5, 1);
INSERT INTO `device` VALUES (15, 'ut,', 'mi.', 1, 30, 1);
INSERT INTO `device` VALUES (16, 'sem.', 'gravida.', 1, 24, 1);
INSERT INTO `device` VALUES (17, 'a', 'elit,', 1, 1, 1);
INSERT INTO `device` VALUES (18, 'risus', 'dis', 1, 6, 1);
INSERT INTO `device` VALUES (19, 'Nulla', 'condimentum', 1, 7, 4);
INSERT INTO `device` VALUES (20, 'mauris.', 'adipiscing,', 1, 29, 4);
INSERT INTO `device` VALUES (21, 'Nunc', 'a', 1, 2, 1);
INSERT INTO `device` VALUES (22, 'dictum', 'tortor', 1, 30, 5);
INSERT INTO `device` VALUES (23, 'a,', 'auctor', 1, 13, 5);
INSERT INTO `device` VALUES (24, 'Integer', 'non', 1, 10, 3);
INSERT INTO `device` VALUES (25, 'magna.', 'eleifend,', 1, 12, 3);
INSERT INTO `device` VALUES (26, 'nec,', 'arcu', 1, 15, 5);
INSERT INTO `device` VALUES (27, 'lectus,', 'neque.', 1, 21, 2);
INSERT INTO `device` VALUES (28, 'nisi.', 'magnis', 1, 8, 2);
INSERT INTO `device` VALUES (29, 'erat.', 'lacinia', 1, 18, 3);
INSERT INTO `device` VALUES (30, 'Nunc', 'aliquet,', 1, 11, 4);
INSERT INTO `device` VALUES (31, 'interdum', 'In', 1, 5, 2);
INSERT INTO `device` VALUES (32, 'risus.', 'cubilia', 1, 11, 2);
INSERT INTO `device` VALUES (33, 'magna', 'nisl', 1, 17, 5);
INSERT INTO `device` VALUES (34, 'odio', 'convallis', 2, 20, 5);
INSERT INTO `device` VALUES (35, 'dui,', 'bibendum', 2, 18, 5);
INSERT INTO `device` VALUES (36, 'non', 'felis', 2, 1, 4);
INSERT INTO `device` VALUES (37, 'blandit', 'montes,', 2, 17, 4);
INSERT INTO `device` VALUES (38, 'sit', 'Aenean', 2, 18, 2);
INSERT INTO `device` VALUES (39, 'In', 'dictum', 2, 25, 4);
INSERT INTO `device` VALUES (40, 'ut', 'sodales', 2, 24, 5);
INSERT INTO `device` VALUES (41, 'facilisis', 'elit,', 2, 17, 2);
INSERT INTO `device` VALUES (42, 'Duis', 'at', 2, 20, 1);
INSERT INTO `device` VALUES (43, 'Fusce', 'consequat', 2, 9, 3);
INSERT INTO `device` VALUES (44, 'Suspendisse', 'enim', 2, 29, 1);
INSERT INTO `device` VALUES (45, 'sed,', 'diam', 2, 26, 2);
INSERT INTO `device` VALUES (46, 'ut,', 'Duis', 2, 20, 3);
INSERT INTO `device` VALUES (47, 'interdum', 'per', 2, 30, 2);
INSERT INTO `device` VALUES (48, 'felis', 'nec', 2, 24, 5);
INSERT INTO `device` VALUES (49, 'semper', 'Nullam', 2, 4, 3);
INSERT INTO `device` VALUES (50, 'pharetra', 'velit', 2, 23, 1);
INSERT INTO `device` VALUES (51, 'Mauris', 'fringilla,', 2, 29, 1);
INSERT INTO `device` VALUES (52, 'elit,', 'mollis.', 2, 2, 4);
INSERT INTO `device` VALUES (53, 'non,', 'a,', 2, 6, 1);
INSERT INTO `device` VALUES (54, 'ornare', 'magna.', 2, 11, 4);
INSERT INTO `device` VALUES (55, 'consequat', 'eleifend', 2, 21, 5);
INSERT INTO `device` VALUES (56, 'Proin', 'imperdiet', 2, 3, 5);
INSERT INTO `device` VALUES (57, 'dignissim', 'nunc', 2, 7, 3);
INSERT INTO `device` VALUES (58, 'aliquet', 'pede.', 2, 8, 2);
INSERT INTO `device` VALUES (59, 'magna.', 'lectus', 2, 10, 1);
INSERT INTO `device` VALUES (60, 'et', 'interdum', 2, 27, 5);
INSERT INTO `device` VALUES (61, 'at', 'eleifend', 2, 26, 3);
INSERT INTO `device` VALUES (62, 'elit.', 'metus', 2, 19, 1);
INSERT INTO `device` VALUES (63, 'eget', 'nunc,', 2, 22, 3);
INSERT INTO `device` VALUES (64, 'lorem', 'ornare.', 2, 13, 5);
INSERT INTO `device` VALUES (65, 'elit.', 'diam.', 2, 9, 3);
INSERT INTO `device` VALUES (66, 'Fusce', 'Fusce', 2, 4, 3);
INSERT INTO `device` VALUES (67, 'vel,', 'imperdiet', 3, 9, 5);
INSERT INTO `device` VALUES (68, 'Aliquam', 'enim', 3, 16, 2);
INSERT INTO `device` VALUES (69, 'Mauris', 'vitae', 3, 28, 3);
INSERT INTO `device` VALUES (70, 'egestas.', 'diam', 3, 23, 3);
INSERT INTO `device` VALUES (71, 'lacinia', 'euismod', 3, 4, 1);
INSERT INTO `device` VALUES (72, 'amet', 'dolor.', 3, 5, 1);
INSERT INTO `device` VALUES (73, 'Morbi', 'tellus', 3, 3, 5);
INSERT INTO `device` VALUES (74, 'laoreet', 'tempor', 3, 25, 4);
INSERT INTO `device` VALUES (75, 'Proin', 'eros', 3, 18, 2);
INSERT INTO `device` VALUES (76, 'consequat', 'velit', 3, 14, 4);
INSERT INTO `device` VALUES (77, 'Cras', 'eu', 3, 27, 4);
INSERT INTO `device` VALUES (78, 'nec', 'orci.', 3, 16, 1);
INSERT INTO `device` VALUES (79, 'Donec', 'feugiat', 3, 20, 4);
INSERT INTO `device` VALUES (80, 'mollis.', 'lectus', 3, 30, 5);
INSERT INTO `device` VALUES (81, 'purus', 'urna', 3, 16, 5);
INSERT INTO `device` VALUES (82, 'enim', 'nulla.', 3, 8, 3);
INSERT INTO `device` VALUES (83, 'Sed', 'aliquet,', 3, 30, 1);
INSERT INTO `device` VALUES (84, 'at,', 'elementum,', 3, 30, 3);
INSERT INTO `device` VALUES (85, 'dolor,', 'libero', 3, 28, 1);
INSERT INTO `device` VALUES (86, 'nulla', 'et', 3, 3, 5);
INSERT INTO `device` VALUES (87, 'augue', 'nec', 3, 13, 2);
INSERT INTO `device` VALUES (88, 'pede,', 'magnis', 3, 26, 4);
INSERT INTO `device` VALUES (89, 'in,', 'Pellentesque', 3, 8, 5);
INSERT INTO `device` VALUES (90, 'vitae', 'habitant', 3, 4, 1);
INSERT INTO `device` VALUES (91, 'elementum', 'Mauris', 3, 16, 2);
INSERT INTO `device` VALUES (92, 'Mauris', 'Proin', 3, 20, 5);
INSERT INTO `device` VALUES (93, 'nec,', 'Cum', 3, 25, 3);
INSERT INTO `device` VALUES (94, 'felis', 'luctus', 3, 14, 3);
INSERT INTO `device` VALUES (95, 'ultricies', 'Praesent', 3, 14, 1);
INSERT INTO `device` VALUES (96, 'Morbi', 'magna.', 3, 24, 5);
INSERT INTO `device` VALUES (97, 'auctor', 'odio', 3, 18, 3);
INSERT INTO `device` VALUES (98, 'consectetuer', 'Cras', 3, 2, 3);
INSERT INTO `device` VALUES (99, 'Sed', 'ligula.', 3, 18, 5);
INSERT INTO `device` VALUES (100, 'lorem,', 'ipsum', 3, 2, 2);

-- ----------------------------
-- Table structure for family
-- ----------------------------
DROP TABLE IF EXISTS `family`;
CREATE TABLE `family`  (
  `familyid` int NOT NULL,
  `familyname` varchar(255) CHARACTER SET utf8mb4 COLLATE utf8mb4_0900_ai_ci NOT NULL,
  PRIMARY KEY (`familyid`) USING BTREE
) ENGINE = InnoDB CHARACTER SET = utf8mb4 COLLATE = utf8mb4_0900_ai_ci ROW_FORMAT = Dynamic;

-- ----------------------------
-- Records of family
-- ----------------------------
INSERT INTO `family` VALUES (1, 'Pitts');
INSERT INTO `family` VALUES (2, 'Lindsey');
INSERT INTO `family` VALUES (3, 'Buckner');
INSERT INTO `family` VALUES (4, 'Fisher');
INSERT INTO `family` VALUES (5, 'Wynn');
INSERT INTO `family` VALUES (6, 'Blackburn');
INSERT INTO `family` VALUES (7, 'Fernandez');
INSERT INTO `family` VALUES (8, 'Sawyer');
INSERT INTO `family` VALUES (9, 'Carrillo');
INSERT INTO `family` VALUES (10, 'Pace');
INSERT INTO `family` VALUES (11, 'Holman');
INSERT INTO `family` VALUES (12, 'Barrera');
INSERT INTO `family` VALUES (13, 'Stevenson');
INSERT INTO `family` VALUES (14, 'Quinn');
INSERT INTO `family` VALUES (15, 'Baldwin');
INSERT INTO `family` VALUES (16, 'Phelps');
INSERT INTO `family` VALUES (17, 'Sherman');
INSERT INTO `family` VALUES (18, 'Mcleod');
INSERT INTO `family` VALUES (19, 'Flowers');
INSERT INTO `family` VALUES (20, 'Crawford');
INSERT INTO `family` VALUES (21, 'Riley');
INSERT INTO `family` VALUES (22, 'Hampton');
INSERT INTO `family` VALUES (23, 'Rosa');
INSERT INTO `family` VALUES (24, 'Morris');
INSERT INTO `family` VALUES (25, 'Lynch');
INSERT INTO `family` VALUES (26, 'Newman');
INSERT INTO `family` VALUES (27, 'Graham');
INSERT INTO `family` VALUES (28, 'Wise');
INSERT INTO `family` VALUES (29, 'Foreman');
INSERT INTO `family` VALUES (30, 'Henson');

-- ----------------------------
-- Table structure for user
-- ----------------------------
DROP TABLE IF EXISTS `user`;
CREATE TABLE `user`  (
  `userid` int NOT NULL,
  `username` varchar(255) CHARACTER SET utf8mb4 COLLATE utf8mb4_0900_ai_ci NOT NULL,
  `password` varchar(255) CHARACTER SET utf8mb4 COLLATE utf8mb4_0900_ai_ci NOT NULL,
  `familyid` int NOT NULL,
  PRIMARY KEY (`userid`) USING BTREE,
  INDEX `fk_user_family_1`(`familyid`) USING BTREE,
  CONSTRAINT `fk_user_family_1` FOREIGN KEY (`familyid`) REFERENCES `family` (`familyid`) ON DELETE RESTRICT ON UPDATE RESTRICT
) ENGINE = InnoDB CHARACTER SET = utf8mb4 COLLATE = utf8mb4_0900_ai_ci ROW_FORMAT = Dynamic;

-- ----------------------------
-- Records of user
-- ----------------------------
INSERT INTO `user` VALUES (5870468, 'Chadwick', '943022442', 11);
INSERT INTO `user` VALUES (6665403, 'Rhona', '597021658', 10);
INSERT INTO `user` VALUES (6983450, 'Caesar', '365634112', 23);
INSERT INTO `user` VALUES (7314765, 'Brynne', '497482703', 29);
INSERT INTO `user` VALUES (7351819, 'Melodie', '248065732', 28);
INSERT INTO `user` VALUES (8238591, 'Caesar', '666830633', 29);
INSERT INTO `user` VALUES (8384241, 'Kaye', '927782797', 3);
INSERT INTO `user` VALUES (9039620, 'Blossom', '421865882', 11);
INSERT INTO `user` VALUES (9433686, 'Griffin', '200119980', 22);
INSERT INTO `user` VALUES (9693232, 'Stephen', '791081763', 1);
INSERT INTO `user` VALUES (9903499, 'Serena', '897822839', 11);
INSERT INTO `user` VALUES (11222053, 'Christen', '713419737', 22);
INSERT INTO `user` VALUES (11259741, 'Abra', '535770895', 9);
INSERT INTO `user` VALUES (11449920, 'Jerry', '297821472', 10);
INSERT INTO `user` VALUES (11459060, 'Chancellor', '146020664', 3);
INSERT INTO `user` VALUES (11542088, 'Samantha', '092974864', 10);
INSERT INTO `user` VALUES (11651724, 'Ina', '311370647', 23);
INSERT INTO `user` VALUES (13307034, 'Kirk', '228697660', 10);
INSERT INTO `user` VALUES (13677229, 'Olympia', '269092417', 18);
INSERT INTO `user` VALUES (13695339, 'Noelani', '584142921', 27);
INSERT INTO `user` VALUES (13806190, 'Amery', '433575685', 9);
INSERT INTO `user` VALUES (15267679, 'Elmo', '688341205', 9);
INSERT INTO `user` VALUES (15897644, 'Lacey', '239013006', 13);
INSERT INTO `user` VALUES (16265583, 'Xanthus', '818350944', 2);
INSERT INTO `user` VALUES (16366834, 'Preston', '927397216', 18);
INSERT INTO `user` VALUES (16440877, 'Lana', '216127670', 30);
INSERT INTO `user` VALUES (17517236, 'Shelly', '755162690', 29);
INSERT INTO `user` VALUES (17741758, 'Caldwell', '714111994', 28);
INSERT INTO `user` VALUES (18028531, 'Elliott', '523191229', 30);
INSERT INTO `user` VALUES (18787967, 'Keelie', '552181125', 10);
INSERT INTO `user` VALUES (18970392, 'Aladdin', '910181684', 21);
INSERT INTO `user` VALUES (19808288, 'Amos', '840349047', 4);
INSERT INTO `user` VALUES (20262126, 'Bell', '955471206', 11);
INSERT INTO `user` VALUES (21509822, 'Shaeleigh', '301716577', 25);
INSERT INTO `user` VALUES (21570402, 'Fatima', '813324555', 13);
INSERT INTO `user` VALUES (21576986, 'Jeanette', '046581641', 26);
INSERT INTO `user` VALUES (22610379, 'Acton', '986283075', 12);
INSERT INTO `user` VALUES (22729885, 'Rogan', '321260085', 2);
INSERT INTO `user` VALUES (22988128, 'Ramona', '592180020', 15);
INSERT INTO `user` VALUES (23363766, 'Nasim', '988000774', 29);
INSERT INTO `user` VALUES (23538347, 'Roth', '125197889', 13);
INSERT INTO `user` VALUES (23774999, 'Ross', '265157792', 3);
INSERT INTO `user` VALUES (23901677, 'Burton', '467804530', 30);
INSERT INTO `user` VALUES (24061836, 'Carson', '800186140', 7);
INSERT INTO `user` VALUES (26022079, 'Naida', '137614798', 21);
INSERT INTO `user` VALUES (26440969, 'Mara', '109195909', 30);
INSERT INTO `user` VALUES (26539240, 'Calista', '806829891', 3);
INSERT INTO `user` VALUES (26617446, 'Petra', '886476712', 24);
INSERT INTO `user` VALUES (26886947, 'Kibo', '136576824', 13);
INSERT INTO `user` VALUES (26897737, 'Jillian', '873919401', 13);
INSERT INTO `user` VALUES (27083575, 'Carter', '881500003', 17);
INSERT INTO `user` VALUES (27318476, 'Joelle', '536378441', 27);
INSERT INTO `user` VALUES (27799608, 'Brielle', '613198597', 22);
INSERT INTO `user` VALUES (28343512, 'Camille', '324092253', 29);
INSERT INTO `user` VALUES (29532770, 'Fritz', '208988253', 23);
INSERT INTO `user` VALUES (29854653, 'Maya', '901682492', 27);
INSERT INTO `user` VALUES (30687546, 'Adele', '133481176', 21);
INSERT INTO `user` VALUES (31072026, 'Jeanette', '980065080', 21);
INSERT INTO `user` VALUES (31203878, 'Jemima', '858188832', 30);
INSERT INTO `user` VALUES (31723137, 'Xander', '147158455', 24);
INSERT INTO `user` VALUES (32102127, 'Dalton', '488507039', 13);
INSERT INTO `user` VALUES (32490602, 'Urielle', '996520813', 2);
INSERT INTO `user` VALUES (33080456, 'Tara', '730048493', 4);
INSERT INTO `user` VALUES (33426774, 'Jordan', '804710556', 25);
INSERT INTO `user` VALUES (33482429, 'Grace', '980082937', 6);
INSERT INTO `user` VALUES (33531470, 'Xanthus', '246573547', 6);
INSERT INTO `user` VALUES (33604058, 'Baker', '608233086', 15);
INSERT INTO `user` VALUES (34679875, 'Adrian', '098372832', 14);
INSERT INTO `user` VALUES (34832157, 'Gray', '026632844', 4);
INSERT INTO `user` VALUES (35227723, 'Hillary', '837611003', 5);
INSERT INTO `user` VALUES (35741221, 'Reagan', '228178224', 21);
INSERT INTO `user` VALUES (35863996, 'Mara', '346154578', 22);
INSERT INTO `user` VALUES (36263470, 'Claire', '725285829', 24);
INSERT INTO `user` VALUES (36284501, 'Salvador', '701544082', 9);
INSERT INTO `user` VALUES (37008288, 'Joel', '378840318', 22);
INSERT INTO `user` VALUES (37640808, 'Octavia', '008020307', 5);
INSERT INTO `user` VALUES (38232551, 'Madaline', '727003816', 28);
INSERT INTO `user` VALUES (38939391, 'Scott', '680182748', 19);
INSERT INTO `user` VALUES (38971976, 'Galvin', '321273161', 11);
INSERT INTO `user` VALUES (39725373, 'Lacota', '330862814', 14);
INSERT INTO `user` VALUES (40344254, 'Regina', '807120290', 7);
INSERT INTO `user` VALUES (40542558, 'Isaac', '773089032', 8);
INSERT INTO `user` VALUES (40980822, 'Wynter', '973722515', 24);
INSERT INTO `user` VALUES (41119438, 'Rebecca', '266945948', 17);
INSERT INTO `user` VALUES (42090903, 'Curran', '344578711', 23);
INSERT INTO `user` VALUES (42116489, 'Isabella', '593453764', 27);
INSERT INTO `user` VALUES (42302717, 'Kendall', '688809862', 2);
INSERT INTO `user` VALUES (42674061, 'Kai', '498544089', 18);
INSERT INTO `user` VALUES (43485334, 'Kay', '578365306', 8);
INSERT INTO `user` VALUES (45675331, 'Leandra', '645984063', 6);
INSERT INTO `user` VALUES (45755463, 'Jamalia', '695979211', 7);
INSERT INTO `user` VALUES (45975123, 'Dora', '831468020', 25);
INSERT INTO `user` VALUES (46170790, 'Emerson', '757821210', 16);
INSERT INTO `user` VALUES (46924417, 'Victor', '385396783', 4);
INSERT INTO `user` VALUES (47844690, 'Macaulay', '834402414', 14);
INSERT INTO `user` VALUES (48130535, 'Jamalia', '799711924', 17);
INSERT INTO `user` VALUES (48675214, 'Janna', '628618076', 22);
INSERT INTO `user` VALUES (49510206, 'Idola', '482271475', 16);
INSERT INTO `user` VALUES (50128004, 'Vera', '386149496', 4);
INSERT INTO `user` VALUES (50222898, 'Otto', '119758829', 22);

SET FOREIGN_KEY_CHECKS = 1;
